The Dark Tower: Cozy Apartment in Amsterdam	An affordable room in a well-developed neighborhood. Great for students and solo visitors.	2025-08-01T07:01:17.942Z	Hamburg	shining.jpg	book.jpg;institute-book.jpg;dark-tower.jpg;shining.jpg;draft.jpg;house.jpg	true	false	3.2	hotel	1	1	54031	Baby seat;Washer;Laptop friendly workspace;Air conditioning;Towels;Fridge	user/ivan_ivanov	29	87.725047;5.814584
The Green Mile: Spacious House in Brussels	A small but cozy hotel room near the center of Paris. Perfect for business trips or solo travelers.	2025-07-21T07:01:17.947Z	Amsterdam	house.jpg	book.jpg;institute-book.jpg;dark-tower.jpg;shining.jpg;draft.jpg;house.jpg	true	false	3.7	house	6	3	82537	Washer;Breakfast;Laptop friendly workspace;Air conditioning;Fridge	user/holly_gibney	7	50.634479;3.76658
Salem's Lot: Riverside Flat in Hamburg	A cozy apartment in the heart of Amsterdam, decorated in a fantasy style. A perfect choice for a quiet and atmospheric stay.	2025-07-06T07:01:17.948Z	Brussels	shining.jpg	book.jpg;institute-book.jpg;dark-tower.jpg;shining.jpg;draft.jpg;house.jpg	true	true	4	house	2	3	84347	Air conditioning;Towels	user/anton_gorodetsky	28	16.827977;6.877503
The Green Mile: Spacious House in Brussels	A modern house ideal for a family vacation. Spacious rooms, a large garden, and a relaxing vibe.	2025-07-16T07:01:17.949Z	Dusseldorf	draft.jpg	book.jpg;institute-book.jpg;dark-tower.jpg;shining.jpg;draft.jpg;house.jpg	false	false	4.2	apartment	7	7	4126	Baby seat;Washer	user/holly_gibney	37	86.961931;1.982896
The Green Mile: Spacious House in Brussels	A cozy apartment in the heart of Amsterdam, decorated in a fantasy style. A perfect choice for a quiet and atmospheric stay.	2025-07-20T07:01:17.950Z	Amsterdam	book.jpg	book.jpg;institute-book.jpg;dark-tower.jpg;shining.jpg;draft.jpg;house.jpg	false	true	3.8	house	5	5	32252	Washer;Baby seat;Breakfast;Laptop friendly workspace;Air conditioning;Fridge;Towels	user/john_smith	39	32.148564;33.19905
The Draft: Student Room in Dusseldorf	An affordable room in a well-developed neighborhood. Great for students and solo visitors.	2025-07-15T07:01:17.951Z	Cologne	house.jpg	book.jpg;institute-book.jpg;dark-tower.jpg;shining.jpg;draft.jpg;house.jpg	true	false	3.6	apartment	7	1	35361	Air conditioning;Towels;Baby seat;Washer;Laptop friendly workspace;Fridge;Breakfast	user/john_smith	20	13.678491;24.324825
The Green Mile: Spacious House in Brussels	A small but cozy hotel room near the center of Paris. Perfect for business trips or solo travelers.	2025-07-20T07:01:17.952Z	Amsterdam	house.jpg	book.jpg;institute-book.jpg;dark-tower.jpg;shining.jpg;draft.jpg;house.jpg	false	true	3.9	room	3	6	51819	Laptop friendly workspace;Air conditioning;Fridge;Washer	user/holly_gibney	7	63.710904;3.0054
Cujo: Hotel Room in Paris	An affordable room in a well-developed neighborhood. Great for students and solo visitors.	2025-07-12T07:01:17.953Z	Dusseldorf	draft.jpg	book.jpg;institute-book.jpg;dark-tower.jpg;shining.jpg;draft.jpg;house.jpg	true	false	2	apartment	5	2	36076	Towels;Laptop friendly workspace;Air conditioning	user/oleg_sidorov	46	39.311433;20.711672
Cujo: Hotel Room in Paris	A small room with a canal view in the city center. Great value and essential comfort.	2025-07-21T07:01:17.954Z	Dusseldorf	shining.jpg	book.jpg;institute-book.jpg;dark-tower.jpg;shining.jpg;draft.jpg;house.jpg	true	true	3.4	house	3	9	55371	Air conditioning;Baby seat;Laptop friendly workspace;Towels	user/pierre_bezukhov	27	5.226235;73.881601
Salem's Lot: Riverside Flat in Hamburg	A charming flat overlooking the Elbe. Vintage furniture and close to historical attractions.	2025-07-13T07:01:17.955Z	Dusseldorf	institute-book.jpg	book.jpg;institute-book.jpg;dark-tower.jpg;shining.jpg;draft.jpg;house.jpg	false	false	2.4	hotel	5	2	93045	Washer;Air conditioning	user/anton_gorodetsky	19	74.394813;53.713029
Salem's Lot: Riverside Flat in Hamburg	A modern house ideal for a family vacation. Spacious rooms, a large garden, and a relaxing vibe.	2025-07-15T07:01:17.956Z	Brussels	book.jpg	book.jpg;institute-book.jpg;dark-tower.jpg;shining.jpg;draft.jpg;house.jpg	false	false	4.7	house	4	8	65719	Baby seat;Towels;Washer	user/holly_gibney	31	25.310482;9.342102
Cujo: Hotel Room in Paris	A small but cozy hotel room near the center of Paris. Perfect for business trips or solo travelers.	2025-07-16T07:01:17.957Z	Brussels	book.jpg	book.jpg;institute-book.jpg;dark-tower.jpg;shining.jpg;draft.jpg;house.jpg	false	true	4.2	apartment	2	9	35129	Breakfast;Baby seat	user/john_smith	50	85.593183;68.512424
The Draft: Student Room in Dusseldorf	An affordable room in a well-developed neighborhood. Great for students and solo visitors.	2025-07-30T07:01:17.957Z	Hamburg	book.jpg	book.jpg;institute-book.jpg;dark-tower.jpg;shining.jpg;draft.jpg;house.jpg	true	true	3.2	apartment	7	9	64663	Washer;Towels	user/john_smith	32	44.264605;46.858603
Salem's Lot: Riverside Flat in Hamburg	A charming flat overlooking the Elbe. Vintage furniture and close to historical attractions.	2025-07-21T07:01:17.958Z	Cologne	coffee.jpg	book.jpg;institute-book.jpg;dark-tower.jpg;shining.jpg;draft.jpg;house.jpg	true	true	2.9	apartment	8	8	4932	Washer;Baby seat	user/anton_gorodetsky	41	63.266134;37.107954
The Green Mile: Spacious House in Brussels	A small but cozy hotel room near the center of Paris. Perfect for business trips or solo travelers.	2025-07-29T07:01:17.959Z	Cologne	book.jpg	book.jpg;institute-book.jpg;dark-tower.jpg;shining.jpg;draft.jpg;house.jpg	true	false	4	room	7	4	33603	Baby seat	user/pierre_bezukhov	34	65.245194;37.280221
Cujo: Hotel Room in Paris	A small but cozy hotel room near the center of Paris. Perfect for business trips or solo travelers.	2025-07-17T07:01:17.960Z	Cologne	book.jpg	book.jpg;institute-book.jpg;dark-tower.jpg;shining.jpg;draft.jpg;house.jpg	true	false	3.7	house	3	9	21257	Breakfast;Laptop friendly workspace;Towels;Baby seat	user/holly_gibney	22	68.481749;50.768167
Cujo: Hotel Room in Paris	A modern house ideal for a family vacation. Spacious rooms, a large garden, and a relaxing vibe.	2025-07-17T07:01:17.961Z	Dusseldorf	book.jpg	book.jpg;institute-book.jpg;dark-tower.jpg;shining.jpg;draft.jpg;house.jpg	false	true	2.1	hotel	1	10	23414	Washer;Baby seat;Towels;Laptop friendly workspace	user/john_smith	3	55.418434;42.316052
Night Watch: Budget Room in Amsterdam	A small room with a canal view in the city center. Great value and essential comfort.	2025-07-08T07:01:17.962Z	Dusseldorf	draft.jpg	book.jpg;institute-book.jpg;dark-tower.jpg;shining.jpg;draft.jpg;house.jpg	false	false	1.6	room	7	7	35803	Towels;Air conditioning;Washer;Laptop friendly workspace;Baby seat	user/anton_gorodetsky	36	21.204975;2.93872
The Draft: Student Room in Dusseldorf	A cozy apartment in the heart of Amsterdam, decorated in a fantasy style. A perfect choice for a quiet and atmospheric stay.	2025-08-02T07:01:17.965Z	Hamburg	dark-tower.jpg	book.jpg;institute-book.jpg;dark-tower.jpg;shining.jpg;draft.jpg;house.jpg	false	false	2.9	house	2	5	29872	Towels;Air conditioning	user/john_smith	11	13.81537;14.498672
Salem's Lot: Riverside Flat in Hamburg	A small but cozy hotel room near the center of Paris. Perfect for business trips or solo travelers.	2025-07-08T07:01:17.967Z	Amsterdam	dark-tower.jpg	book.jpg;institute-book.jpg;dark-tower.jpg;shining.jpg;draft.jpg;house.jpg	true	false	2	hotel	7	10	70654	Breakfast;Fridge	user/holly_gibney	49	42.970057;26.232485
Salem's Lot: Riverside Flat in Hamburg	A modern house ideal for a family vacation. Spacious rooms, a large garden, and a relaxing vibe.	2025-07-16T07:01:17.970Z	Hamburg	dark-tower.jpg	book.jpg;institute-book.jpg;dark-tower.jpg;shining.jpg;draft.jpg;house.jpg	true	true	4.2	house	7	4	65243	Washer;Breakfast;Towels;Laptop friendly workspace;Fridge	user/oleg_sidorov	33	79.554641;49.095666
The Draft: Student Room in Dusseldorf	A modern house ideal for a family vacation. Spacious rooms, a large garden, and a relaxing vibe.	2025-07-24T07:01:17.971Z	Paris	shining.jpg	book.jpg;institute-book.jpg;dark-tower.jpg;shining.jpg;draft.jpg;house.jpg	true	false	2	hotel	2	2	36816	Air conditioning	user/pierre_bezukhov	38	73.660487;15.927872
The Green Mile: Spacious House in Brussels	A charming flat overlooking the Elbe. Vintage furniture and close to historical attractions.	2025-07-22T07:01:17.972Z	Paris	house.jpg	book.jpg;institute-book.jpg;dark-tower.jpg;shining.jpg;draft.jpg;house.jpg	false	true	4.7	house	7	9	99968	Air conditioning	user/roland_deschain	10	54.787678;82.578277
The Draft: Student Room in Dusseldorf	A cozy apartment in the heart of Amsterdam, decorated in a fantasy style. A perfect choice for a quiet and atmospheric stay.	2025-07-04T07:01:17.973Z	Cologne	dark-tower.jpg	book.jpg;institute-book.jpg;dark-tower.jpg;shining.jpg;draft.jpg;house.jpg	false	false	3.5	house	6	9	28553	Air conditioning;Fridge	user/ivan_ivanov	44	52.731416;80.456524
The Dark Tower: Cozy Apartment in Amsterdam	An affordable room in a well-developed neighborhood. Great for students and solo visitors.	2025-07-14T07:01:17.974Z	Brussels	shining.jpg	book.jpg;institute-book.jpg;dark-tower.jpg;shining.jpg;draft.jpg;house.jpg	false	false	4.6	house	3	1	45976	Baby seat;Towels;Air conditioning	user/ivan_ivanov	50	59.994644;70.101641
Salem's Lot: Riverside Flat in Hamburg	A large house in a peaceful area near a park. Lots of light and a fairy-tale feel inside.	2025-08-01T07:01:17.974Z	Paris	shining.jpg	book.jpg;institute-book.jpg;dark-tower.jpg;shining.jpg;draft.jpg;house.jpg	true	false	2.4	house	6	7	21084	Breakfast;Baby seat;Air conditioning;Towels;Washer;Fridge	user/ivan_ivanov	45	38.624173;16.149126
Night Watch: Budget Room in Amsterdam	A modern house ideal for a family vacation. Spacious rooms, a large garden, and a relaxing vibe.	2025-07-10T07:01:17.975Z	Brussels	institute-book.jpg	book.jpg;institute-book.jpg;dark-tower.jpg;shining.jpg;draft.jpg;house.jpg	false	true	4.5	apartment	6	6	20293	Baby seat;Laptop friendly workspace	user/holly_gibney	49	56.344945;86.287669
The Green Mile: Spacious House in Brussels	An affordable room in a well-developed neighborhood. Great for students and solo visitors.	2025-07-13T07:01:17.976Z	Hamburg	book.jpg	book.jpg;institute-book.jpg;dark-tower.jpg;shining.jpg;draft.jpg;house.jpg	true	true	1.7	hotel	2	5	85402	Washer;Baby seat;Air conditioning;Fridge;Breakfast;Towels;Laptop friendly workspace	user/john_smith	33	19.579786;62.625097
The Green Mile: Spacious House in Brussels	A modern house ideal for a family vacation. Spacious rooms, a large garden, and a relaxing vibe.	2025-07-25T07:01:17.977Z	Hamburg	book.jpg	book.jpg;institute-book.jpg;dark-tower.jpg;shining.jpg;draft.jpg;house.jpg	false	false	2.6	apartment	8	4	1114	Fridge;Baby seat;Washer	user/anton_gorodetsky	43	55.616846;48.559697
The Draft: Student Room in Dusseldorf	A small room with a canal view in the city center. Great value and essential comfort.	2025-07-19T07:01:17.977Z	Paris	institute-book.jpg	book.jpg;institute-book.jpg;dark-tower.jpg;shining.jpg;draft.jpg;house.jpg	true	true	2	hotel	6	2	51449	Air conditioning;Baby seat;Fridge;Towels;Washer	user/pierre_bezukhov	42	72.512522;70.107535
Night Watch: Budget Room in Amsterdam	A small but cozy hotel room near the center of Paris. Perfect for business trips or solo travelers.	2025-07-26T07:01:17.978Z	Cologne	shining.jpg	book.jpg;institute-book.jpg;dark-tower.jpg;shining.jpg;draft.jpg;house.jpg	false	false	1.3	hotel	1	9	84905	Air conditioning;Laptop friendly workspace;Towels;Baby seat	user/anton_gorodetsky	49	8.519494;63.507493
Cujo: Hotel Room in Paris	An affordable room in a well-developed neighborhood. Great for students and solo visitors.	2025-07-26T07:01:17.980Z	Brussels	house.jpg	book.jpg;institute-book.jpg;dark-tower.jpg;shining.jpg;draft.jpg;house.jpg	false	true	2	room	8	9	79193	Breakfast;Baby seat;Air conditioning	user/ivan_ivanov	25	18.587954;67.605587
The Draft: Student Room in Dusseldorf	A charming flat overlooking the Elbe. Vintage furniture and close to historical attractions.	2025-07-29T07:01:17.980Z	Amsterdam	house.jpg	book.jpg;institute-book.jpg;dark-tower.jpg;shining.jpg;draft.jpg;house.jpg	false	false	2.3	house	4	9	49309	Baby seat;Air conditioning	user/pierre_bezukhov	2	78.688965;0.528844
The Institute: Family House in Cologne	A large house in a peaceful area near a park. Lots of light and a fairy-tale feel inside.	2025-07-29T07:01:17.981Z	Hamburg	institute-book.jpg	book.jpg;institute-book.jpg;dark-tower.jpg;shining.jpg;draft.jpg;house.jpg	false	true	3.1	house	1	1	60642	Washer	user/oleg_sidorov	43	72.3631;86.114744
The Draft: Student Room in Dusseldorf	An affordable room in a well-developed neighborhood. Great for students and solo visitors.	2025-07-09T07:01:17.982Z	Cologne	institute-book.jpg	book.jpg;institute-book.jpg;dark-tower.jpg;shining.jpg;draft.jpg;house.jpg	true	false	1.7	hotel	3	9	57455	Baby seat;Fridge;Air conditioning;Washer;Towels;Laptop friendly workspace	user/ivan_ivanov	43	13.496465;51.782914
The Green Mile: Spacious House in Brussels	An affordable room in a well-developed neighborhood. Great for students and solo visitors.	2025-07-14T07:01:17.983Z	Cologne	draft.jpg	book.jpg;institute-book.jpg;dark-tower.jpg;shining.jpg;draft.jpg;house.jpg	true	true	2.6	hotel	2	5	39091	Towels	user/john_smith	20	34.296879;58.020415
The Green Mile: Spacious House in Brussels	An affordable room in a well-developed neighborhood. Great for students and solo visitors.	2025-08-01T07:01:17.984Z	Brussels	book.jpg	book.jpg;institute-book.jpg;dark-tower.jpg;shining.jpg;draft.jpg;house.jpg	true	false	3.7	hotel	4	7	69912	Washer;Laptop friendly workspace;Baby seat;Breakfast;Towels	user/oleg_sidorov	20	81.243715;26.018595
Salem's Lot: Riverside Flat in Hamburg	A charming flat overlooking the Elbe. Vintage furniture and close to historical attractions.	2025-07-13T07:01:17.985Z	Paris	dark-tower.jpg	book.jpg;institute-book.jpg;dark-tower.jpg;shining.jpg;draft.jpg;house.jpg	false	true	3.5	hotel	5	2	67091	Baby seat;Washer;Breakfast;Laptop friendly workspace;Towels;Fridge	user/roland_deschain	1	89.438023;50.086675
The Institute: Family House in Cologne	A charming flat overlooking the Elbe. Vintage furniture and close to historical attractions.	2025-07-31T07:01:17.985Z	Paris	book.jpg	book.jpg;institute-book.jpg;dark-tower.jpg;shining.jpg;draft.jpg;house.jpg	false	false	4	house	7	5	92204	Laptop friendly workspace;Fridge;Baby seat;Washer	user/roland_deschain	49	38.163946;51.734662
The Draft: Student Room in Dusseldorf	A small room with a canal view in the city center. Great value and essential comfort.	2025-07-09T07:01:17.986Z	Dusseldorf	house.jpg	book.jpg;institute-book.jpg;dark-tower.jpg;shining.jpg;draft.jpg;house.jpg	false	true	1.1	room	4	5	75803	Towels;Washer;Air conditioning;Fridge;Breakfast;Laptop friendly workspace	user/oleg_sidorov	34	86.639384;88.961102
The Draft: Student Room in Dusseldorf	An affordable room in a well-developed neighborhood. Great for students and solo visitors.	2025-07-23T07:01:17.987Z	Dusseldorf	dark-tower.jpg	book.jpg;institute-book.jpg;dark-tower.jpg;shining.jpg;draft.jpg;house.jpg	false	true	3.2	room	5	6	49797	Towels;Air conditioning;Baby seat;Fridge;Breakfast;Washer	user/holly_gibney	22	33.247098;50.931347
Cujo: Hotel Room in Paris	An affordable room in a well-developed neighborhood. Great for students and solo visitors.	2025-07-05T07:01:17.988Z	Amsterdam	book.jpg	book.jpg;institute-book.jpg;dark-tower.jpg;shining.jpg;draft.jpg;house.jpg	false	false	2.8	house	2	8	69380	Breakfast;Washer	user/john_smith	6	28.811909;57.597702
The Institute: Family House in Cologne	A small room with a canal view in the city center. Great value and essential comfort.	2025-07-16T07:01:17.989Z	Cologne	institute-book.jpg	book.jpg;institute-book.jpg;dark-tower.jpg;shining.jpg;draft.jpg;house.jpg	false	true	4.3	house	6	6	44750	Washer;Towels	user/anton_gorodetsky	0	3.263997;50.133314
Cujo: Hotel Room in Paris	A modern house ideal for a family vacation. Spacious rooms, a large garden, and a relaxing vibe.	2025-07-17T07:01:17.990Z	Dusseldorf	coffee.jpg	book.jpg;institute-book.jpg;dark-tower.jpg;shining.jpg;draft.jpg;house.jpg	false	true	2.3	house	5	4	91765	Laptop friendly workspace;Fridge;Breakfast;Washer;Towels	user/john_smith	38	89.873141;27.13821
Cujo: Hotel Room in Paris	A modern house ideal for a family vacation. Spacious rooms, a large garden, and a relaxing vibe.	2025-07-06T07:01:17.991Z	Paris	book.jpg	book.jpg;institute-book.jpg;dark-tower.jpg;shining.jpg;draft.jpg;house.jpg	false	true	4.3	hotel	6	1	27655	Air conditioning;Towels;Baby seat;Laptop friendly workspace	user/oleg_sidorov	48	48.247016;88.060007
The Green Mile: Spacious House in Brussels	A modern house ideal for a family vacation. Spacious rooms, a large garden, and a relaxing vibe.	2025-07-31T07:01:17.991Z	Brussels	shining.jpg	book.jpg;institute-book.jpg;dark-tower.jpg;shining.jpg;draft.jpg;house.jpg	false	false	2.6	house	1	2	1640	Washer;Baby seat;Fridge;Laptop friendly workspace;Air conditioning;Towels	user/holly_gibney	27	71.874902;63.319659
Salem's Lot: Riverside Flat in Hamburg	An affordable room in a well-developed neighborhood. Great for students and solo visitors.	2025-07-20T07:01:17.992Z	Paris	shining.jpg	book.jpg;institute-book.jpg;dark-tower.jpg;shining.jpg;draft.jpg;house.jpg	false	false	2.8	house	2	3	83573	Towels	user/john_smith	8	83.280788;77.151019
The Institute: Family House in Cologne	An affordable room in a well-developed neighborhood. Great for students and solo visitors.	2025-07-24T07:01:17.993Z	Cologne	draft.jpg	book.jpg;institute-book.jpg;dark-tower.jpg;shining.jpg;draft.jpg;house.jpg	false	true	1.4	hotel	5	5	2410	Washer;Breakfast	user/ivan_ivanov	25	26.537329;67.914669
Salem's Lot: Riverside Flat in Hamburg	A modern house ideal for a family vacation. Spacious rooms, a large garden, and a relaxing vibe.	2025-07-15T07:01:17.993Z	Amsterdam	book.jpg	book.jpg;institute-book.jpg;dark-tower.jpg;shining.jpg;draft.jpg;house.jpg	true	true	1.8	hotel	7	4	27557	Baby seat;Towels	user/anton_gorodetsky	4	64.394498;48.367816
The Green Mile: Spacious House in Brussels	A charming flat overlooking the Elbe. Vintage furniture and close to historical attractions.	2025-07-18T07:01:17.994Z	Cologne	coffee.jpg	book.jpg;institute-book.jpg;dark-tower.jpg;shining.jpg;draft.jpg;house.jpg	false	false	2.3	apartment	3	6	47709	Air conditioning;Washer;Baby seat	user/john_smith	28	77.357115;35.355916
Cujo: Hotel Room in Paris	A modern house ideal for a family vacation. Spacious rooms, a large garden, and a relaxing vibe.	2025-07-27T07:01:17.995Z	Brussels	dark-tower.jpg	book.jpg;institute-book.jpg;dark-tower.jpg;shining.jpg;draft.jpg;house.jpg	false	true	3.2	apartment	4	2	15090	Baby seat;Air conditioning;Towels	user/john_smith	22	68.287833;54.782812
Cujo: Hotel Room in Paris	A modern house ideal for a family vacation. Spacious rooms, a large garden, and a relaxing vibe.	2025-07-30T07:01:17.996Z	Brussels	house.jpg	book.jpg;institute-book.jpg;dark-tower.jpg;shining.jpg;draft.jpg;house.jpg	false	true	3.3	hotel	3	2	35342	Laptop friendly workspace;Baby seat;Towels	user/john_smith	7	82.662528;52.658698
The Dark Tower: Cozy Apartment in Amsterdam	A small but cozy hotel room near the center of Paris. Perfect for business trips or solo travelers.	2025-07-23T07:01:17.996Z	Brussels	house.jpg	book.jpg;institute-book.jpg;dark-tower.jpg;shining.jpg;draft.jpg;house.jpg	true	true	2.4	hotel	5	8	1625	Breakfast;Laptop friendly workspace;Baby seat;Washer;Towels;Air conditioning;Fridge	user/holly_gibney	13	23.800745;7.5625
Cujo: Hotel Room in Paris	A small room with a canal view in the city center. Great value and essential comfort.	2025-07-27T07:01:17.997Z	Amsterdam	house.jpg	book.jpg;institute-book.jpg;dark-tower.jpg;shining.jpg;draft.jpg;house.jpg	false	false	2.9	apartment	7	2	77994	Washer;Breakfast;Laptop friendly workspace;Fridge;Air conditioning	user/anton_gorodetsky	36	61.596022;69.978885
The Institute: Family House in Cologne	A charming flat overlooking the Elbe. Vintage furniture and close to historical attractions.	2025-07-07T07:01:17.998Z	Dusseldorf	draft.jpg	book.jpg;institute-book.jpg;dark-tower.jpg;shining.jpg;draft.jpg;house.jpg	true	true	4.9	hotel	2	3	85931	Baby seat;Towels;Laptop friendly workspace;Fridge;Air conditioning	user/anton_gorodetsky	7	24.025854;12.563448
Salem's Lot: Riverside Flat in Hamburg	A large house in a peaceful area near a park. Lots of light and a fairy-tale feel inside.	2025-07-15T07:01:17.998Z	Brussels	coffee.jpg	book.jpg;institute-book.jpg;dark-tower.jpg;shining.jpg;draft.jpg;house.jpg	false	false	4.3	hotel	1	7	20572	Laptop friendly workspace;Air conditioning;Towels;Washer	user/ivan_ivanov	45	75.156927;1.062941
Salem's Lot: Riverside Flat in Hamburg	A small but cozy hotel room near the center of Paris. Perfect for business trips or solo travelers.	2025-07-19T07:01:17.999Z	Paris	institute-book.jpg	book.jpg;institute-book.jpg;dark-tower.jpg;shining.jpg;draft.jpg;house.jpg	true	false	2.6	apartment	3	2	29990	Air conditioning;Towels;Breakfast;Washer;Fridge	user/holly_gibney	40	43.797186;28.970624
The Institute: Family House in Cologne	An affordable room in a well-developed neighborhood. Great for students and solo visitors.	2025-07-24T07:01:18.000Z	Paris	house.jpg	book.jpg;institute-book.jpg;dark-tower.jpg;shining.jpg;draft.jpg;house.jpg	true	false	3.8	hotel	1	7	32695	Laptop friendly workspace;Towels;Baby seat;Fridge;Air conditioning	user/roland_deschain	18	12.316194;80.82845
Cujo: Hotel Room in Paris	A small but cozy hotel room near the center of Paris. Perfect for business trips or solo travelers.	2025-07-06T07:01:18.000Z	Dusseldorf	draft.jpg	book.jpg;institute-book.jpg;dark-tower.jpg;shining.jpg;draft.jpg;house.jpg	false	true	2.2	hotel	4	3	44937	Laptop friendly workspace;Towels;Fridge	user/holly_gibney	22	26.285392;34.518431
Night Watch: Budget Room in Amsterdam	A large house in a peaceful area near a park. Lots of light and a fairy-tale feel inside.	2025-07-23T07:01:18.001Z	Hamburg	institute-book.jpg	book.jpg;institute-book.jpg;dark-tower.jpg;shining.jpg;draft.jpg;house.jpg	true	false	2	hotel	1	6	44328	Breakfast;Fridge	user/roland_deschain	3	16.680392;67.759175
Salem's Lot: Riverside Flat in Hamburg	A small room with a canal view in the city center. Great value and essential comfort.	2025-07-23T07:01:18.002Z	Paris	dark-tower.jpg	book.jpg;institute-book.jpg;dark-tower.jpg;shining.jpg;draft.jpg;house.jpg	false	false	1.3	apartment	4	4	91676	Air conditioning;Laptop friendly workspace;Baby seat	user/oleg_sidorov	27	45.177741;36.640041
Night Watch: Budget Room in Amsterdam	An affordable room in a well-developed neighborhood. Great for students and solo visitors.	2025-07-07T07:01:18.002Z	Dusseldorf	institute-book.jpg	book.jpg;institute-book.jpg;dark-tower.jpg;shining.jpg;draft.jpg;house.jpg	false	false	1.3	house	3	10	98799	Baby seat;Air conditioning;Breakfast;Towels	user/ivan_ivanov	3	58.218462;32.661023
Cujo: Hotel Room in Paris	A cozy apartment in the heart of Amsterdam, decorated in a fantasy style. A perfect choice for a quiet and atmospheric stay.	2025-07-12T07:01:18.003Z	Hamburg	institute-book.jpg	book.jpg;institute-book.jpg;dark-tower.jpg;shining.jpg;draft.jpg;house.jpg	true	true	1.2	hotel	3	9	51458	Towels;Washer;Breakfast;Baby seat;Laptop friendly workspace	user/ivan_ivanov	40	56.751211;61.707113
The Dark Tower: Cozy Apartment in Amsterdam	An affordable room in a well-developed neighborhood. Great for students and solo visitors.	2025-07-18T07:01:18.004Z	Cologne	book.jpg	book.jpg;institute-book.jpg;dark-tower.jpg;shining.jpg;draft.jpg;house.jpg	false	true	4.8	house	7	6	41341	Towels;Laptop friendly workspace	user/anton_gorodetsky	38	8.581087;36.944797
The Draft: Student Room in Dusseldorf	A small room with a canal view in the city center. Great value and essential comfort.	2025-07-10T07:01:18.004Z	Cologne	draft.jpg	book.jpg;institute-book.jpg;dark-tower.jpg;shining.jpg;draft.jpg;house.jpg	true	false	4.9	house	5	9	10217	Washer;Breakfast	user/oleg_sidorov	35	45.632976;9.869737
The Draft: Student Room in Dusseldorf	An affordable room in a well-developed neighborhood. Great for students and solo visitors.	2025-07-16T07:01:18.005Z	Paris	shining.jpg	book.jpg;institute-book.jpg;dark-tower.jpg;shining.jpg;draft.jpg;house.jpg	false	true	4.7	apartment	4	5	61632	Washer;Laptop friendly workspace;Air conditioning;Fridge;Baby seat;Towels	user/anton_gorodetsky	22	54.824851;78.616793
Salem's Lot: Riverside Flat in Hamburg	A charming flat overlooking the Elbe. Vintage furniture and close to historical attractions.	2025-07-12T07:01:18.005Z	Cologne	dark-tower.jpg	book.jpg;institute-book.jpg;dark-tower.jpg;shining.jpg;draft.jpg;house.jpg	true	true	3.7	apartment	1	3	82878	Washer;Towels	user/roland_deschain	24	16.021021;51.598403
The Dark Tower: Cozy Apartment in Amsterdam	A small room with a canal view in the city center. Great value and essential comfort.	2025-07-24T07:01:18.006Z	Amsterdam	draft.jpg	book.jpg;institute-book.jpg;dark-tower.jpg;shining.jpg;draft.jpg;house.jpg	false	true	4.8	hotel	2	6	96463	Baby seat;Laptop friendly workspace;Towels;Washer;Air conditioning;Fridge	user/holly_gibney	7	12.594442;65.654015
The Draft: Student Room in Dusseldorf	An affordable room in a well-developed neighborhood. Great for students and solo visitors.	2025-07-30T07:01:18.007Z	Hamburg	dark-tower.jpg	book.jpg;institute-book.jpg;dark-tower.jpg;shining.jpg;draft.jpg;house.jpg	false	true	4.2	hotel	6	2	21346	Laptop friendly workspace;Breakfast;Towels	user/holly_gibney	44	16.457154;26.531003
The Draft: Student Room in Dusseldorf	A charming flat overlooking the Elbe. Vintage furniture and close to historical attractions.	2025-07-07T07:01:18.008Z	Dusseldorf	book.jpg	book.jpg;institute-book.jpg;dark-tower.jpg;shining.jpg;draft.jpg;house.jpg	true	true	2.2	house	4	2	26319	Towels;Laptop friendly workspace;Air conditioning;Fridge	user/anton_gorodetsky	8	71.790938;4.418509
The Dark Tower: Cozy Apartment in Amsterdam	An affordable room in a well-developed neighborhood. Great for students and solo visitors.	2025-07-06T07:01:18.008Z	Amsterdam	draft.jpg	book.jpg;institute-book.jpg;dark-tower.jpg;shining.jpg;draft.jpg;house.jpg	false	false	1.5	hotel	3	5	96292	Baby seat;Air conditioning;Washer;Laptop friendly workspace;Breakfast;Towels	user/holly_gibney	6	6.465961;3.88798
The Draft: Student Room in Dusseldorf	A small but cozy hotel room near the center of Paris. Perfect for business trips or solo travelers.	2025-07-14T07:01:18.009Z	Dusseldorf	book.jpg	book.jpg;institute-book.jpg;dark-tower.jpg;shining.jpg;draft.jpg;house.jpg	true	false	4.1	house	1	2	96484	Baby seat	user/john_smith	7	18.165174;47.016577
The Institute: Family House in Cologne	A charming flat overlooking the Elbe. Vintage furniture and close to historical attractions.	2025-07-30T07:01:18.009Z	Hamburg	book.jpg	book.jpg;institute-book.jpg;dark-tower.jpg;shining.jpg;draft.jpg;house.jpg	false	true	4.8	house	4	7	10057	Fridge;Laptop friendly workspace;Baby seat;Towels;Air conditioning;Breakfast;Washer	user/roland_deschain	1	35.803021;84.421022
Cujo: Hotel Room in Paris	A small but cozy hotel room near the center of Paris. Perfect for business trips or solo travelers.	2025-07-09T07:01:18.010Z	Dusseldorf	book.jpg	book.jpg;institute-book.jpg;dark-tower.jpg;shining.jpg;draft.jpg;house.jpg	true	true	1.8	house	2	2	47881	Laptop friendly workspace;Washer	user/pierre_bezukhov	39	76.358917;80.912118
The Green Mile: Spacious House in Brussels	A charming flat overlooking the Elbe. Vintage furniture and close to historical attractions.	2025-07-19T07:01:18.010Z	Dusseldorf	coffee.jpg	book.jpg;institute-book.jpg;dark-tower.jpg;shining.jpg;draft.jpg;house.jpg	false	true	1.7	house	5	3	48116	Baby seat;Air conditioning	user/anton_gorodetsky	2	57.860621;86.363465
The Institute: Family House in Cologne	An affordable room in a well-developed neighborhood. Great for students and solo visitors.	2025-07-30T07:01:18.011Z	Cologne	house.jpg	book.jpg;institute-book.jpg;dark-tower.jpg;shining.jpg;draft.jpg;house.jpg	false	false	2.3	house	2	2	15947	Air conditioning;Towels;Washer;Baby seat;Laptop friendly workspace;Fridge	user/anton_gorodetsky	22	49.37545;77.460493
Cujo: Hotel Room in Paris	A large house in a peaceful area near a park. Lots of light and a fairy-tale feel inside.	2025-07-30T07:01:18.012Z	Dusseldorf	shining.jpg	book.jpg;institute-book.jpg;dark-tower.jpg;shining.jpg;draft.jpg;house.jpg	false	true	2.4	hotel	7	10	84690	Laptop friendly workspace;Baby seat	user/oleg_sidorov	42	84.126184;53.630014
The Green Mile: Spacious House in Brussels	A modern house ideal for a family vacation. Spacious rooms, a large garden, and a relaxing vibe.	2025-07-30T07:01:18.013Z	Dusseldorf	dark-tower.jpg	book.jpg;institute-book.jpg;dark-tower.jpg;shining.jpg;draft.jpg;house.jpg	true	true	2.4	house	1	6	10715	Washer;Fridge;Baby seat;Laptop friendly workspace;Air conditioning	user/john_smith	33	56.062632;29.500752
The Institute: Family House in Cologne	A small but cozy hotel room near the center of Paris. Perfect for business trips or solo travelers.	2025-07-31T07:01:18.014Z	Hamburg	coffee.jpg	book.jpg;institute-book.jpg;dark-tower.jpg;shining.jpg;draft.jpg;house.jpg	true	true	2.7	hotel	6	9	31466	Baby seat;Air conditioning;Towels;Laptop friendly workspace;Washer;Fridge	user/holly_gibney	10	88.972542;38.654447
Cujo: Hotel Room in Paris	A modern house ideal for a family vacation. Spacious rooms, a large garden, and a relaxing vibe.	2025-07-15T07:01:18.014Z	Brussels	house.jpg	book.jpg;institute-book.jpg;dark-tower.jpg;shining.jpg;draft.jpg;house.jpg	true	false	1.5	hotel	7	7	35008	Breakfast;Washer;Baby seat;Towels;Laptop friendly workspace	user/john_smith	30	84.123094;27.357805
Salem's Lot: Riverside Flat in Hamburg	A modern house ideal for a family vacation. Spacious rooms, a large garden, and a relaxing vibe.	2025-07-19T07:01:18.015Z	Amsterdam	house.jpg	book.jpg;institute-book.jpg;dark-tower.jpg;shining.jpg;draft.jpg;house.jpg	true	true	1.1	house	2	7	82305	Air conditioning;Towels;Laptop friendly workspace;Baby seat	user/roland_deschain	50	24.930969;89.639825
The Draft: Student Room in Dusseldorf	A modern house ideal for a family vacation. Spacious rooms, a large garden, and a relaxing vibe.	2025-07-05T07:01:18.016Z	Brussels	shining.jpg	book.jpg;institute-book.jpg;dark-tower.jpg;shining.jpg;draft.jpg;house.jpg	true	true	3.9	room	3	5	35310	Air conditioning;Baby seat;Washer;Towels;Laptop friendly workspace;Breakfast	user/john_smith	49	42.244516;36.482623
Night Watch: Budget Room in Amsterdam	A large house in a peaceful area near a park. Lots of light and a fairy-tale feel inside.	2025-07-09T07:01:18.016Z	Cologne	house.jpg	book.jpg;institute-book.jpg;dark-tower.jpg;shining.jpg;draft.jpg;house.jpg	true	false	3.2	hotel	6	4	4475	Fridge;Breakfast;Washer;Baby seat;Laptop friendly workspace	user/anton_gorodetsky	17	3.315198;48.199262
Salem's Lot: Riverside Flat in Hamburg	An affordable room in a well-developed neighborhood. Great for students and solo visitors.	2025-07-26T07:01:18.017Z	Brussels	draft.jpg	book.jpg;institute-book.jpg;dark-tower.jpg;shining.jpg;draft.jpg;house.jpg	true	true	1.1	hotel	7	1	17772	Baby seat;Laptop friendly workspace	user/oleg_sidorov	1	24.529026;2.943084
Cujo: Hotel Room in Paris	A small but cozy hotel room near the center of Paris. Perfect for business trips or solo travelers.	2025-08-01T07:01:18.017Z	Dusseldorf	draft.jpg	book.jpg;institute-book.jpg;dark-tower.jpg;shining.jpg;draft.jpg;house.jpg	false	false	4.5	apartment	8	7	40483	Towels;Washer;Air conditioning;Laptop friendly workspace;Baby seat;Breakfast	user/ivan_ivanov	15	61.255696;46.317097
The Green Mile: Spacious House in Brussels	A cozy apartment in the heart of Amsterdam, decorated in a fantasy style. A perfect choice for a quiet and atmospheric stay.	2025-07-05T07:01:18.018Z	Cologne	coffee.jpg	book.jpg;institute-book.jpg;dark-tower.jpg;shining.jpg;draft.jpg;house.jpg	true	true	1.6	hotel	3	2	51214	Baby seat;Washer;Laptop friendly workspace;Fridge;Air conditioning	user/oleg_sidorov	4	84.769943;33.078576
Salem's Lot: Riverside Flat in Hamburg	A modern house ideal for a family vacation. Spacious rooms, a large garden, and a relaxing vibe.	2025-07-21T07:01:18.018Z	Dusseldorf	house.jpg	book.jpg;institute-book.jpg;dark-tower.jpg;shining.jpg;draft.jpg;house.jpg	false	true	3.7	house	3	7	93080	Washer;Laptop friendly workspace;Towels	user/anton_gorodetsky	20	81.017905;26.026727
The Draft: Student Room in Dusseldorf	A large house in a peaceful area near a park. Lots of light and a fairy-tale feel inside.	2025-07-31T07:01:18.019Z	Cologne	shining.jpg	book.jpg;institute-book.jpg;dark-tower.jpg;shining.jpg;draft.jpg;house.jpg	false	true	1.1	house	5	5	41399	Air conditioning;Towels	user/anton_gorodetsky	45	31.260629;69.755882
The Institute: Family House in Cologne	A small but cozy hotel room near the center of Paris. Perfect for business trips or solo travelers.	2025-07-24T07:01:18.020Z	Paris	institute-book.jpg	book.jpg;institute-book.jpg;dark-tower.jpg;shining.jpg;draft.jpg;house.jpg	false	true	3.2	house	5	8	15009	Towels;Baby seat;Laptop friendly workspace;Washer;Air conditioning	user/holly_gibney	36	59.393421;60.975051
Salem's Lot: Riverside Flat in Hamburg	A cozy apartment in the heart of Amsterdam, decorated in a fantasy style. A perfect choice for a quiet and atmospheric stay.	2025-07-29T07:01:18.021Z	Paris	shining.jpg	book.jpg;institute-book.jpg;dark-tower.jpg;shining.jpg;draft.jpg;house.jpg	false	true	3	hotel	6	7	1486	Towels;Washer	user/oleg_sidorov	49	59.358722;57.006468
Cujo: Hotel Room in Paris	A charming flat overlooking the Elbe. Vintage furniture and close to historical attractions.	2025-07-06T07:01:18.021Z	Cologne	institute-book.jpg	book.jpg;institute-book.jpg;dark-tower.jpg;shining.jpg;draft.jpg;house.jpg	false	true	4.9	room	7	7	14688	Laptop friendly workspace;Air conditioning;Washer;Baby seat;Fridge;Towels	user/oleg_sidorov	25	86.439099;55.183199
Cujo: Hotel Room in Paris	A charming flat overlooking the Elbe. Vintage furniture and close to historical attractions.	2025-07-10T07:01:18.022Z	Hamburg	draft.jpg	book.jpg;institute-book.jpg;dark-tower.jpg;shining.jpg;draft.jpg;house.jpg	true	true	2	hotel	7	2	99554	Laptop friendly workspace	user/john_smith	32	45.597294;14.126745
Night Watch: Budget Room in Amsterdam	A large house in a peaceful area near a park. Lots of light and a fairy-tale feel inside.	2025-07-12T07:01:18.023Z	Paris	institute-book.jpg	book.jpg;institute-book.jpg;dark-tower.jpg;shining.jpg;draft.jpg;house.jpg	false	false	3.7	room	2	10	21772	Baby seat;Laptop friendly workspace;Breakfast;Washer	user/anton_gorodetsky	12	68.31985;53.128106
Salem's Lot: Riverside Flat in Hamburg	A small but cozy hotel room near the center of Paris. Perfect for business trips or solo travelers.	2025-07-20T07:01:18.023Z	Amsterdam	shining.jpg	book.jpg;institute-book.jpg;dark-tower.jpg;shining.jpg;draft.jpg;house.jpg	false	false	3.1	apartment	3	2	42463	Air conditioning;Towels;Breakfast;Fridge;Laptop friendly workspace	user/roland_deschain	11	82.349136;39.529041
The Green Mile: Spacious House in Brussels	An affordable room in a well-developed neighborhood. Great for students and solo visitors.	2025-07-23T07:01:18.024Z	Dusseldorf	coffee.jpg	book.jpg;institute-book.jpg;dark-tower.jpg;shining.jpg;draft.jpg;house.jpg	false	true	3.7	hotel	2	8	51670	Washer	user/oleg_sidorov	19	34.729131;15.840023
Cujo: Hotel Room in Paris	A small room with a canal view in the city center. Great value and essential comfort.	2025-07-08T07:01:18.024Z	Dusseldorf	shining.jpg	book.jpg;institute-book.jpg;dark-tower.jpg;shining.jpg;draft.jpg;house.jpg	false	false	3.2	room	2	10	22137	Towels;Air conditioning;Washer	user/john_smith	37	76.036468;27.414184
Salem's Lot: Riverside Flat in Hamburg	A small but cozy hotel room near the center of Paris. Perfect for business trips or solo travelers.	2025-07-09T07:01:18.025Z	Paris	draft.jpg	book.jpg;institute-book.jpg;dark-tower.jpg;shining.jpg;draft.jpg;house.jpg	true	true	1.5	house	6	2	98401	Baby seat;Breakfast;Laptop friendly workspace;Fridge;Washer	user/oleg_sidorov	46	47.820332;41.551646
Salem's Lot: Riverside Flat in Hamburg	An affordable room in a well-developed neighborhood. Great for students and solo visitors.	2025-07-31T07:01:18.026Z	Paris	shining.jpg	book.jpg;institute-book.jpg;dark-tower.jpg;shining.jpg;draft.jpg;house.jpg	true	false	3.7	apartment	4	5	27058	Towels;Washer;Baby seat;Breakfast;Air conditioning	user/pierre_bezukhov	46	12.930556;53.948668
Cujo: Hotel Room in Paris	An affordable room in a well-developed neighborhood. Great for students and solo visitors.	2025-07-20T07:01:18.026Z	Dusseldorf	book.jpg	book.jpg;institute-book.jpg;dark-tower.jpg;shining.jpg;draft.jpg;house.jpg	true	false	2.3	apartment	7	3	49562	Baby seat;Towels	user/roland_deschain	50	66.39016;44.050302
The Draft: Student Room in Dusseldorf	An affordable room in a well-developed neighborhood. Great for students and solo visitors.	2025-07-05T07:01:18.027Z	Cologne	shining.jpg	book.jpg;institute-book.jpg;dark-tower.jpg;shining.jpg;draft.jpg;house.jpg	true	false	2.4	house	5	1	28769	Breakfast;Washer;Towels;Baby seat;Laptop friendly workspace	user/ivan_ivanov	38	7.26787;25.037687
Cujo: Hotel Room in Paris	A charming flat overlooking the Elbe. Vintage furniture and close to historical attractions.	2025-07-11T07:01:18.028Z	Hamburg	dark-tower.jpg	book.jpg;institute-book.jpg;dark-tower.jpg;shining.jpg;draft.jpg;house.jpg	false	true	3.7	apartment	3	8	86904	Breakfast;Towels;Laptop friendly workspace;Baby seat	user/ivan_ivanov	7	27.290384;40.337292
Cujo: Hotel Room in Paris	A small but cozy hotel room near the center of Paris. Perfect for business trips or solo travelers.	2025-07-24T07:01:18.028Z	Brussels	shining.jpg	book.jpg;institute-book.jpg;dark-tower.jpg;shining.jpg;draft.jpg;house.jpg	true	true	1.5	hotel	8	9	15686	Fridge;Washer;Laptop friendly workspace;Air conditioning;Breakfast	user/roland_deschain	15	72.697969;67.528477
Night Watch: Budget Room in Amsterdam	A modern house ideal for a family vacation. Spacious rooms, a large garden, and a relaxing vibe.	2025-07-16T07:01:18.029Z	Hamburg	book.jpg	book.jpg;institute-book.jpg;dark-tower.jpg;shining.jpg;draft.jpg;house.jpg	true	true	3	apartment	5	10	87945	Towels;Air conditioning	user/anton_gorodetsky	14	75.238743;19.212938
The Institute: Family House in Cologne	A modern house ideal for a family vacation. Spacious rooms, a large garden, and a relaxing vibe.	2025-07-08T07:01:18.030Z	Dusseldorf	draft.jpg	book.jpg;institute-book.jpg;dark-tower.jpg;shining.jpg;draft.jpg;house.jpg	true	true	4.3	apartment	6	6	92965	Baby seat;Towels;Fridge;Laptop friendly workspace;Breakfast;Air conditioning	user/oleg_sidorov	4	13.547566;46.130108
Salem's Lot: Riverside Flat in Hamburg	A small room with a canal view in the city center. Great value and essential comfort.	2025-07-05T07:01:18.030Z	Paris	institute-book.jpg	book.jpg;institute-book.jpg;dark-tower.jpg;shining.jpg;draft.jpg;house.jpg	true	true	3.5	house	2	1	35438	Air conditioning;Towels	user/roland_deschain	1	56.631642;44.831427
Salem's Lot: Riverside Flat in Hamburg	An affordable room in a well-developed neighborhood. Great for students and solo visitors.	2025-07-15T07:01:18.031Z	Dusseldorf	house.jpg	book.jpg;institute-book.jpg;dark-tower.jpg;shining.jpg;draft.jpg;house.jpg	true	true	1	house	4	6	77864	Laptop friendly workspace;Air conditioning;Towels;Baby seat;Washer;Breakfast;Fridge	user/anton_gorodetsky	37	75.651908;17.948424
Salem's Lot: Riverside Flat in Hamburg	A charming flat overlooking the Elbe. Vintage furniture and close to historical attractions.	2025-07-29T07:01:18.032Z	Amsterdam	book.jpg	book.jpg;institute-book.jpg;dark-tower.jpg;shining.jpg;draft.jpg;house.jpg	true	false	3	house	8	5	53454	Washer;Baby seat	user/ivan_ivanov	13	32.984619;30.06968
The Green Mile: Spacious House in Brussels	An affordable room in a well-developed neighborhood. Great for students and solo visitors.	2025-07-16T07:01:18.032Z	Cologne	coffee.jpg	book.jpg;institute-book.jpg;dark-tower.jpg;shining.jpg;draft.jpg;house.jpg	true	true	3.2	room	7	8	75611	Towels;Laptop friendly workspace;Baby seat;Washer;Breakfast;Air conditioning	user/oleg_sidorov	15	45.159878;71.117461
Salem's Lot: Riverside Flat in Hamburg	A small but cozy hotel room near the center of Paris. Perfect for business trips or solo travelers.	2025-07-15T07:01:18.033Z	Hamburg	draft.jpg	book.jpg;institute-book.jpg;dark-tower.jpg;shining.jpg;draft.jpg;house.jpg	true	true	4	apartment	7	5	49628	Laptop friendly workspace;Baby seat;Towels;Washer;Air conditioning	user/john_smith	16	36.077116;67.385797
The Green Mile: Spacious House in Brussels	A modern house ideal for a family vacation. Spacious rooms, a large garden, and a relaxing vibe.	2025-07-15T07:01:18.034Z	Amsterdam	book.jpg	book.jpg;institute-book.jpg;dark-tower.jpg;shining.jpg;draft.jpg;house.jpg	false	true	3.1	house	2	4	10939	Breakfast;Laptop friendly workspace;Washer;Air conditioning;Baby seat;Towels	user/pierre_bezukhov	30	52.810506;36.047595
The Dark Tower: Cozy Apartment in Amsterdam	A charming flat overlooking the Elbe. Vintage furniture and close to historical attractions.	2025-07-26T07:01:18.034Z	Brussels	house.jpg	book.jpg;institute-book.jpg;dark-tower.jpg;shining.jpg;draft.jpg;house.jpg	false	false	1.5	hotel	6	1	96605	Laptop friendly workspace;Air conditioning	user/pierre_bezukhov	32	19.808607;16.970452
Salem's Lot: Riverside Flat in Hamburg	A cozy apartment in the heart of Amsterdam, decorated in a fantasy style. A perfect choice for a quiet and atmospheric stay.	2025-07-25T07:01:18.035Z	Hamburg	coffee.jpg	book.jpg;institute-book.jpg;dark-tower.jpg;shining.jpg;draft.jpg;house.jpg	false	false	2.2	house	3	9	66995	Fridge;Breakfast;Baby seat;Washer;Laptop friendly workspace	user/oleg_sidorov	4	12.526287;29.153277
The Green Mile: Spacious House in Brussels	A modern house ideal for a family vacation. Spacious rooms, a large garden, and a relaxing vibe.	2025-07-28T07:01:18.035Z	Amsterdam	institute-book.jpg	book.jpg;institute-book.jpg;dark-tower.jpg;shining.jpg;draft.jpg;house.jpg	false	false	3.7	room	2	6	21094	Baby seat;Fridge;Washer;Air conditioning;Breakfast;Laptop friendly workspace;Towels	user/ivan_ivanov	31	39.206296;62.229172
Cujo: Hotel Room in Paris	A large house in a peaceful area near a park. Lots of light and a fairy-tale feel inside.	2025-08-02T07:01:18.035Z	Cologne	shining.jpg	book.jpg;institute-book.jpg;dark-tower.jpg;shining.jpg;draft.jpg;house.jpg	false	false	3.1	room	6	2	5834	Washer;Towels;Laptop friendly workspace;Breakfast;Baby seat	user/john_smith	2	10.32588;86.762015
The Draft: Student Room in Dusseldorf	A modern house ideal for a family vacation. Spacious rooms, a large garden, and a relaxing vibe.	2025-07-10T07:01:18.036Z	Brussels	coffee.jpg	book.jpg;institute-book.jpg;dark-tower.jpg;shining.jpg;draft.jpg;house.jpg	true	true	4.8	house	2	5	20959	Breakfast	user/anton_gorodetsky	7	21.888514;31.850377
Night Watch: Budget Room in Amsterdam	A cozy apartment in the heart of Amsterdam, decorated in a fantasy style. A perfect choice for a quiet and atmospheric stay.	2025-07-18T07:01:18.036Z	Dusseldorf	dark-tower.jpg	book.jpg;institute-book.jpg;dark-tower.jpg;shining.jpg;draft.jpg;house.jpg	false	true	1	hotel	2	3	66343	Laptop friendly workspace;Fridge;Towels;Air conditioning;Breakfast;Washer;Baby seat	user/ivan_ivanov	30	5.266301;44.367245
The Institute: Family House in Cologne	A small room with a canal view in the city center. Great value and essential comfort.	2025-08-01T07:01:18.037Z	Dusseldorf	coffee.jpg	book.jpg;institute-book.jpg;dark-tower.jpg;shining.jpg;draft.jpg;house.jpg	false	true	1.1	house	4	5	8999	Washer;Breakfast	user/john_smith	47	0.282623;35.473368
Salem's Lot: Riverside Flat in Hamburg	An affordable room in a well-developed neighborhood. Great for students and solo visitors.	2025-07-27T07:01:18.038Z	Hamburg	shining.jpg	book.jpg;institute-book.jpg;dark-tower.jpg;shining.jpg;draft.jpg;house.jpg	true	true	2.2	hotel	4	9	10632	Laptop friendly workspace;Baby seat	user/john_smith	42	39.238565;79.403454
The Draft: Student Room in Dusseldorf	A small room with a canal view in the city center. Great value and essential comfort.	2025-07-19T07:01:18.039Z	Amsterdam	shining.jpg	book.jpg;institute-book.jpg;dark-tower.jpg;shining.jpg;draft.jpg;house.jpg	false	false	4.7	room	2	2	25474	Baby seat;Breakfast	user/anton_gorodetsky	17	28.589906;1.869017
Night Watch: Budget Room in Amsterdam	A modern house ideal for a family vacation. Spacious rooms, a large garden, and a relaxing vibe.	2025-07-15T07:01:18.039Z	Dusseldorf	dark-tower.jpg	book.jpg;institute-book.jpg;dark-tower.jpg;shining.jpg;draft.jpg;house.jpg	false	false	2.8	hotel	1	9	88016	Laptop friendly workspace;Fridge;Baby seat;Air conditioning;Washer;Breakfast	user/pierre_bezukhov	24	71.528295;85.839285
The Green Mile: Spacious House in Brussels	A modern house ideal for a family vacation. Spacious rooms, a large garden, and a relaxing vibe.	2025-07-27T07:01:18.040Z	Dusseldorf	coffee.jpg	book.jpg;institute-book.jpg;dark-tower.jpg;shining.jpg;draft.jpg;house.jpg	false	true	5	house	4	10	86821	Baby seat;Washer;Towels;Fridge	user/ivan_ivanov	11	61.936357;47.902032
The Institute: Family House in Cologne	A small room with a canal view in the city center. Great value and essential comfort.	2025-07-28T07:01:18.040Z	Hamburg	shining.jpg	book.jpg;institute-book.jpg;dark-tower.jpg;shining.jpg;draft.jpg;house.jpg	true	true	2.2	hotel	7	3	34529	Towels;Fridge;Laptop friendly workspace;Washer;Baby seat;Breakfast	user/roland_deschain	46	37.817833;42.594016
The Institute: Family House in Cologne	A modern house ideal for a family vacation. Spacious rooms, a large garden, and a relaxing vibe.	2025-07-27T07:01:18.041Z	Cologne	shining.jpg	book.jpg;institute-book.jpg;dark-tower.jpg;shining.jpg;draft.jpg;house.jpg	false	false	1.3	house	5	2	5333	Washer	user/roland_deschain	24	8.066244;49.20817
Salem's Lot: Riverside Flat in Hamburg	A small room with a canal view in the city center. Great value and essential comfort.	2025-07-06T07:01:18.041Z	Paris	institute-book.jpg	book.jpg;institute-book.jpg;dark-tower.jpg;shining.jpg;draft.jpg;house.jpg	true	false	4.2	apartment	8	7	67578	Air conditioning;Washer;Baby seat	user/ivan_ivanov	49	75.52909;43.639062
The Green Mile: Spacious House in Brussels	A small room with a canal view in the city center. Great value and essential comfort.	2025-07-14T07:01:18.042Z	Dusseldorf	shining.jpg	book.jpg;institute-book.jpg;dark-tower.jpg;shining.jpg;draft.jpg;house.jpg	false	true	2.8	hotel	7	4	46720	Laptop friendly workspace	user/ivan_ivanov	10	53.610931;24.303688
Salem's Lot: Riverside Flat in Hamburg	A modern house ideal for a family vacation. Spacious rooms, a large garden, and a relaxing vibe.	2025-07-22T07:01:18.042Z	Hamburg	shining.jpg	book.jpg;institute-book.jpg;dark-tower.jpg;shining.jpg;draft.jpg;house.jpg	false	false	2.5	house	2	2	88102	Towels;Air conditioning;Fridge;Laptop friendly workspace;Washer;Baby seat	user/holly_gibney	50	51.045831;52.260042
Cujo: Hotel Room in Paris	A small but cozy hotel room near the center of Paris. Perfect for business trips or solo travelers.	2025-07-23T07:01:18.043Z	Amsterdam	house.jpg	book.jpg;institute-book.jpg;dark-tower.jpg;shining.jpg;draft.jpg;house.jpg	true	true	3.6	apartment	3	5	191	Fridge;Air conditioning;Laptop friendly workspace	user/pierre_bezukhov	44	15.794436;36.503971
The Green Mile: Spacious House in Brussels	An affordable room in a well-developed neighborhood. Great for students and solo visitors.	2025-07-26T07:01:18.043Z	Hamburg	draft.jpg	book.jpg;institute-book.jpg;dark-tower.jpg;shining.jpg;draft.jpg;house.jpg	true	false	4.3	hotel	3	3	10576	Baby seat;Laptop friendly workspace	user/ivan_ivanov	33	63.946291;65.03996
Cujo: Hotel Room in Paris	A charming flat overlooking the Elbe. Vintage furniture and close to historical attractions.	2025-07-23T07:01:18.044Z	Paris	institute-book.jpg	book.jpg;institute-book.jpg;dark-tower.jpg;shining.jpg;draft.jpg;house.jpg	false	false	4	room	7	5	11592	Baby seat;Towels;Fridge;Air conditioning;Laptop friendly workspace	user/pierre_bezukhov	36	59.046974;58.977771
Cujo: Hotel Room in Paris	A small but cozy hotel room near the center of Paris. Perfect for business trips or solo travelers.	2025-07-16T07:01:18.044Z	Brussels	dark-tower.jpg	book.jpg;institute-book.jpg;dark-tower.jpg;shining.jpg;draft.jpg;house.jpg	false	false	1.4	apartment	4	5	98114	Fridge;Towels;Washer;Air conditioning	user/oleg_sidorov	20	65.710573;89.423906
Salem's Lot: Riverside Flat in Hamburg	A large house in a peaceful area near a park. Lots of light and a fairy-tale feel inside.	2025-07-28T07:01:18.045Z	Amsterdam	coffee.jpg	book.jpg;institute-book.jpg;dark-tower.jpg;shining.jpg;draft.jpg;house.jpg	false	true	1.9	house	5	8	24512	Fridge;Air conditioning	user/roland_deschain	48	63.456916;55.727697
The Green Mile: Spacious House in Brussels	A large house in a peaceful area near a park. Lots of light and a fairy-tale feel inside.	2025-07-08T07:01:18.045Z	Dusseldorf	house.jpg	book.jpg;institute-book.jpg;dark-tower.jpg;shining.jpg;draft.jpg;house.jpg	false	false	2.6	house	4	6	24718	Laptop friendly workspace;Towels	user/ivan_ivanov	45	17.356891;59.403511
The Institute: Family House in Cologne	A large house in a peaceful area near a park. Lots of light and a fairy-tale feel inside.	2025-07-06T07:01:18.046Z	Amsterdam	house.jpg	book.jpg;institute-book.jpg;dark-tower.jpg;shining.jpg;draft.jpg;house.jpg	true	false	2.5	house	2	4	61654	Towels;Air conditioning;Fridge;Washer;Laptop friendly workspace	user/holly_gibney	34	54.421635;25.704237
The Green Mile: Spacious House in Brussels	A charming flat overlooking the Elbe. Vintage furniture and close to historical attractions.	2025-07-22T07:01:18.046Z	Hamburg	shining.jpg	book.jpg;institute-book.jpg;dark-tower.jpg;shining.jpg;draft.jpg;house.jpg	false	false	2.7	room	1	8	44421	Towels;Baby seat;Washer;Laptop friendly workspace;Air conditioning	user/john_smith	26	61.361131;87.146128
The Draft: Student Room in Dusseldorf	A large house in a peaceful area near a park. Lots of light and a fairy-tale feel inside.	2025-07-26T07:01:18.047Z	Brussels	institute-book.jpg	book.jpg;institute-book.jpg;dark-tower.jpg;shining.jpg;draft.jpg;house.jpg	true	true	2.2	house	3	2	25641	Laptop friendly workspace;Towels;Washer	user/john_smith	22	80.361367;38.391841
Night Watch: Budget Room in Amsterdam	A cozy apartment in the heart of Amsterdam, decorated in a fantasy style. A perfect choice for a quiet and atmospheric stay.	2025-07-14T07:01:18.048Z	Cologne	book.jpg	book.jpg;institute-book.jpg;dark-tower.jpg;shining.jpg;draft.jpg;house.jpg	false	true	1.2	house	4	1	62961	Breakfast;Baby seat;Towels;Laptop friendly workspace;Washer;Fridge	user/roland_deschain	49	69.291686;49.595254
The Institute: Family House in Cologne	A cozy apartment in the heart of Amsterdam, decorated in a fantasy style. A perfect choice for a quiet and atmospheric stay.	2025-07-09T07:01:18.048Z	Hamburg	house.jpg	book.jpg;institute-book.jpg;dark-tower.jpg;shining.jpg;draft.jpg;house.jpg	true	true	3	hotel	4	5	49179	Towels;Laptop friendly workspace;Air conditioning	user/john_smith	47	42.700224;42.677732
The Draft: Student Room in Dusseldorf	A small but cozy hotel room near the center of Paris. Perfect for business trips or solo travelers.	2025-07-27T07:01:18.049Z	Paris	institute-book.jpg	book.jpg;institute-book.jpg;dark-tower.jpg;shining.jpg;draft.jpg;house.jpg	false	true	3.7	house	3	2	86556	Laptop friendly workspace;Breakfast;Fridge	user/roland_deschain	25	44.716319;32.325644
The Institute: Family House in Cologne	A charming flat overlooking the Elbe. Vintage furniture and close to historical attractions.	2025-07-24T07:01:18.050Z	Cologne	book.jpg	book.jpg;institute-book.jpg;dark-tower.jpg;shining.jpg;draft.jpg;house.jpg	false	true	1.6	apartment	4	9	13300	Fridge;Laptop friendly workspace;Air conditioning	user/holly_gibney	34	19.548258;55.443728
Cujo: Hotel Room in Paris	An affordable room in a well-developed neighborhood. Great for students and solo visitors.	2025-07-22T07:01:18.050Z	Dusseldorf	draft.jpg	book.jpg;institute-book.jpg;dark-tower.jpg;shining.jpg;draft.jpg;house.jpg	false	false	4	apartment	2	3	15147	Washer;Breakfast	user/anton_gorodetsky	6	70.201792;50.782417
The Institute: Family House in Cologne	A large house in a peaceful area near a park. Lots of light and a fairy-tale feel inside.	2025-07-31T07:01:18.051Z	Dusseldorf	book.jpg	book.jpg;institute-book.jpg;dark-tower.jpg;shining.jpg;draft.jpg;house.jpg	false	true	3.5	apartment	5	2	61200	Air conditioning;Fridge;Baby seat;Towels;Washer;Breakfast	user/holly_gibney	29	50.984138;0.24627
Salem's Lot: Riverside Flat in Hamburg	A large house in a peaceful area near a park. Lots of light and a fairy-tale feel inside.	2025-07-30T07:01:18.052Z	Brussels	draft.jpg	book.jpg;institute-book.jpg;dark-tower.jpg;shining.jpg;draft.jpg;house.jpg	false	false	3.3	room	7	2	84197	Washer	user/john_smith	16	34.110304;79.85614
The Institute: Family House in Cologne	A large house in a peaceful area near a park. Lots of light and a fairy-tale feel inside.	2025-07-29T07:01:18.052Z	Amsterdam	dark-tower.jpg	book.jpg;institute-book.jpg;dark-tower.jpg;shining.jpg;draft.jpg;house.jpg	true	false	4.7	apartment	4	4	32902	Laptop friendly workspace;Fridge	user/ivan_ivanov	5	46.495705;84.214115
Cujo: Hotel Room in Paris	A cozy apartment in the heart of Amsterdam, decorated in a fantasy style. A perfect choice for a quiet and atmospheric stay.	2025-07-15T07:01:18.053Z	Dusseldorf	shining.jpg	book.jpg;institute-book.jpg;dark-tower.jpg;shining.jpg;draft.jpg;house.jpg	true	true	1.5	apartment	6	1	89402	Air conditioning;Laptop friendly workspace;Towels;Baby seat;Fridge;Breakfast	user/oleg_sidorov	47	37.770987;31.327094
The Dark Tower: Cozy Apartment in Amsterdam	A charming flat overlooking the Elbe. Vintage furniture and close to historical attractions.	2025-07-18T07:01:18.053Z	Dusseldorf	house.jpg	book.jpg;institute-book.jpg;dark-tower.jpg;shining.jpg;draft.jpg;house.jpg	false	false	3.4	room	6	3	54067	Washer;Fridge	user/pierre_bezukhov	24	85.654591;64.211636
The Green Mile: Spacious House in Brussels	A large house in a peaceful area near a park. Lots of light and a fairy-tale feel inside.	2025-07-26T07:01:18.054Z	Hamburg	draft.jpg	book.jpg;institute-book.jpg;dark-tower.jpg;shining.jpg;draft.jpg;house.jpg	false	true	5	hotel	6	7	74203	Fridge;Air conditioning;Laptop friendly workspace;Breakfast;Washer;Towels	user/anton_gorodetsky	48	9.599705;37.528487
Cujo: Hotel Room in Paris	A charming flat overlooking the Elbe. Vintage furniture and close to historical attractions.	2025-07-16T07:01:18.054Z	Hamburg	institute-book.jpg	book.jpg;institute-book.jpg;dark-tower.jpg;shining.jpg;draft.jpg;house.jpg	true	true	1.5	apartment	3	4	81442	Washer;Laptop friendly workspace;Breakfast;Towels;Fridge;Air conditioning	user/ivan_ivanov	36	48.696497;72.494873
Salem's Lot: Riverside Flat in Hamburg	A small but cozy hotel room near the center of Paris. Perfect for business trips or solo travelers.	2025-07-04T07:01:18.055Z	Cologne	book.jpg	book.jpg;institute-book.jpg;dark-tower.jpg;shining.jpg;draft.jpg;house.jpg	false	false	1	room	7	9	75439	Fridge;Baby seat;Laptop friendly workspace;Breakfast;Washer;Air conditioning;Towels	user/oleg_sidorov	23	28.150425;40.473862
The Green Mile: Spacious House in Brussels	A modern house ideal for a family vacation. Spacious rooms, a large garden, and a relaxing vibe.	2025-07-27T07:01:18.056Z	Paris	house.jpg	book.jpg;institute-book.jpg;dark-tower.jpg;shining.jpg;draft.jpg;house.jpg	true	false	3.2	apartment	4	2	39366	Air conditioning;Baby seat	user/holly_gibney	31	47.032354;26.776689
Cujo: Hotel Room in Paris	A cozy apartment in the heart of Amsterdam, decorated in a fantasy style. A perfect choice for a quiet and atmospheric stay.	2025-07-18T07:01:18.056Z	Hamburg	draft.jpg	book.jpg;institute-book.jpg;dark-tower.jpg;shining.jpg;draft.jpg;house.jpg	false	true	2.4	hotel	7	4	74930	Washer;Laptop friendly workspace;Fridge;Air conditioning	user/oleg_sidorov	24	30.504511;48.863429
The Green Mile: Spacious House in Brussels	A modern house ideal for a family vacation. Spacious rooms, a large garden, and a relaxing vibe.	2025-07-31T07:01:18.057Z	Amsterdam	institute-book.jpg	book.jpg;institute-book.jpg;dark-tower.jpg;shining.jpg;draft.jpg;house.jpg	true	false	2.7	house	8	2	64738	Air conditioning;Baby seat;Towels;Laptop friendly workspace	user/oleg_sidorov	16	82.466209;44.494307
Salem's Lot: Riverside Flat in Hamburg	A small but cozy hotel room near the center of Paris. Perfect for business trips or solo travelers.	2025-07-27T07:01:18.058Z	Hamburg	draft.jpg	book.jpg;institute-book.jpg;dark-tower.jpg;shining.jpg;draft.jpg;house.jpg	true	false	1.6	apartment	5	8	92309	Towels;Baby seat	user/ivan_ivanov	22	28.080501;18.403023
The Institute: Family House in Cologne	An affordable room in a well-developed neighborhood. Great for students and solo visitors.	2025-07-27T07:01:18.059Z	Paris	shining.jpg	book.jpg;institute-book.jpg;dark-tower.jpg;shining.jpg;draft.jpg;house.jpg	true	true	3.6	hotel	5	10	77560	Laptop friendly workspace	user/oleg_sidorov	12	21.923686;79.225833
Cujo: Hotel Room in Paris	A small but cozy hotel room near the center of Paris. Perfect for business trips or solo travelers.	2025-07-17T07:01:18.059Z	Hamburg	house.jpg	book.jpg;institute-book.jpg;dark-tower.jpg;shining.jpg;draft.jpg;house.jpg	false	false	2.3	room	6	8	64624	Air conditioning;Washer;Fridge;Baby seat	user/holly_gibney	7	39.029718;54.750718
The Institute: Family House in Cologne	A modern house ideal for a family vacation. Spacious rooms, a large garden, and a relaxing vibe.	2025-07-27T07:01:18.060Z	Paris	shining.jpg	book.jpg;institute-book.jpg;dark-tower.jpg;shining.jpg;draft.jpg;house.jpg	false	true	2.8	house	7	10	70810	Breakfast;Laptop friendly workspace;Towels	user/holly_gibney	8	40.633444;56.095867
Night Watch: Budget Room in Amsterdam	A charming flat overlooking the Elbe. Vintage furniture and close to historical attractions.	2025-07-11T07:01:18.060Z	Hamburg	dark-tower.jpg	book.jpg;institute-book.jpg;dark-tower.jpg;shining.jpg;draft.jpg;house.jpg	false	false	2.3	house	4	8	54561	Laptop friendly workspace;Breakfast;Washer	user/holly_gibney	44	13.949353;72.702971
Salem's Lot: Riverside Flat in Hamburg	A small but cozy hotel room near the center of Paris. Perfect for business trips or solo travelers.	2025-07-05T07:01:18.061Z	Paris	dark-tower.jpg	book.jpg;institute-book.jpg;dark-tower.jpg;shining.jpg;draft.jpg;house.jpg	false	true	2.7	hotel	5	7	24934	Baby seat	user/roland_deschain	4	28.418523;17.752237
Cujo: Hotel Room in Paris	A cozy apartment in the heart of Amsterdam, decorated in a fantasy style. A perfect choice for a quiet and atmospheric stay.	2025-07-05T07:01:18.061Z	Amsterdam	coffee.jpg	book.jpg;institute-book.jpg;dark-tower.jpg;shining.jpg;draft.jpg;house.jpg	true	false	4.2	house	4	9	43099	Fridge;Laptop friendly workspace;Towels;Baby seat;Air conditioning;Washer;Breakfast	user/john_smith	22	62.599219;62.735253
Night Watch: Budget Room in Amsterdam	An affordable room in a well-developed neighborhood. Great for students and solo visitors.	2025-08-01T07:01:18.062Z	Paris	institute-book.jpg	book.jpg;institute-book.jpg;dark-tower.jpg;shining.jpg;draft.jpg;house.jpg	true	true	3.6	house	4	6	77446	Towels;Baby seat;Laptop friendly workspace;Washer;Fridge	user/john_smith	28	53.907249;38.063587
The Dark Tower: Cozy Apartment in Amsterdam	An affordable room in a well-developed neighborhood. Great for students and solo visitors.	2025-07-28T07:01:18.063Z	Dusseldorf	draft.jpg	book.jpg;institute-book.jpg;dark-tower.jpg;shining.jpg;draft.jpg;house.jpg	true	false	1.7	hotel	2	2	65346	Breakfast;Laptop friendly workspace;Washer;Fridge;Baby seat	user/ivan_ivanov	6	76.046662;14.079321
The Green Mile: Spacious House in Brussels	A small room with a canal view in the city center. Great value and essential comfort.	2025-07-17T07:01:18.063Z	Hamburg	institute-book.jpg	book.jpg;institute-book.jpg;dark-tower.jpg;shining.jpg;draft.jpg;house.jpg	false	false	1.8	room	2	8	34731	Baby seat;Air conditioning;Fridge;Laptop friendly workspace;Washer	user/holly_gibney	14	2.8912;26.819151
Cujo: Hotel Room in Paris	A cozy apartment in the heart of Amsterdam, decorated in a fantasy style. A perfect choice for a quiet and atmospheric stay.	2025-07-23T07:01:18.064Z	Paris	draft.jpg	book.jpg;institute-book.jpg;dark-tower.jpg;shining.jpg;draft.jpg;house.jpg	false	false	2.5	house	5	4	55185	Laptop friendly workspace	user/oleg_sidorov	31	56.256552;67.70966
Salem's Lot: Riverside Flat in Hamburg	A small but cozy hotel room near the center of Paris. Perfect for business trips or solo travelers.	2025-07-23T07:01:18.064Z	Cologne	draft.jpg	book.jpg;institute-book.jpg;dark-tower.jpg;shining.jpg;draft.jpg;house.jpg	false	false	2.8	house	6	5	93693	Laptop friendly workspace;Baby seat;Air conditioning	user/holly_gibney	3	71.737589;70.655029
Cujo: Hotel Room in Paris	A large house in a peaceful area near a park. Lots of light and a fairy-tale feel inside.	2025-07-04T07:01:18.065Z	Hamburg	shining.jpg	book.jpg;institute-book.jpg;dark-tower.jpg;shining.jpg;draft.jpg;house.jpg	false	true	2.2	hotel	4	2	31349	Washer;Breakfast;Laptop friendly workspace;Fridge;Baby seat;Air conditioning;Towels	user/oleg_sidorov	42	49.984391;13.950281
Cujo: Hotel Room in Paris	A modern house ideal for a family vacation. Spacious rooms, a large garden, and a relaxing vibe.	2025-07-27T07:01:18.066Z	Cologne	draft.jpg	book.jpg;institute-book.jpg;dark-tower.jpg;shining.jpg;draft.jpg;house.jpg	true	false	4.1	apartment	7	7	28427	Baby seat;Laptop friendly workspace;Air conditioning;Towels	user/ivan_ivanov	50	18.959341;26.009461
The Draft: Student Room in Dusseldorf	A modern house ideal for a family vacation. Spacious rooms, a large garden, and a relaxing vibe.	2025-07-30T07:01:18.066Z	Dusseldorf	house.jpg	book.jpg;institute-book.jpg;dark-tower.jpg;shining.jpg;draft.jpg;house.jpg	true	true	4.5	apartment	3	10	41236	Air conditioning;Breakfast;Fridge;Washer	user/ivan_ivanov	49	1.580536;79.383539
Cujo: Hotel Room in Paris	A small but cozy hotel room near the center of Paris. Perfect for business trips or solo travelers.	2025-08-01T07:01:18.067Z	Cologne	dark-tower.jpg	book.jpg;institute-book.jpg;dark-tower.jpg;shining.jpg;draft.jpg;house.jpg	true	false	1.1	apartment	4	4	92127	Laptop friendly workspace;Breakfast	user/ivan_ivanov	35	30.684069;11.474241
The Dark Tower: Cozy Apartment in Amsterdam	A large house in a peaceful area near a park. Lots of light and a fairy-tale feel inside.	2025-07-22T07:01:18.068Z	Hamburg	coffee.jpg	book.jpg;institute-book.jpg;dark-tower.jpg;shining.jpg;draft.jpg;house.jpg	true	true	2.7	hotel	5	3	73644	Fridge;Air conditioning;Baby seat;Towels;Laptop friendly workspace	user/holly_gibney	25	4.52748;73.976616
The Institute: Family House in Cologne	A modern house ideal for a family vacation. Spacious rooms, a large garden, and a relaxing vibe.	2025-07-12T07:01:18.068Z	Brussels	book.jpg	book.jpg;institute-book.jpg;dark-tower.jpg;shining.jpg;draft.jpg;house.jpg	false	false	2.3	apartment	5	5	65931	Towels;Laptop friendly workspace;Breakfast;Baby seat	user/anton_gorodetsky	44	85.350795;63.896019
The Institute: Family House in Cologne	A charming flat overlooking the Elbe. Vintage furniture and close to historical attractions.	2025-07-18T07:01:18.069Z	Brussels	dark-tower.jpg	book.jpg;institute-book.jpg;dark-tower.jpg;shining.jpg;draft.jpg;house.jpg	true	true	2.5	hotel	7	6	37846	Washer;Breakfast;Air conditioning	user/ivan_ivanov	46	2.001698;65.569682
The Dark Tower: Cozy Apartment in Amsterdam	A modern house ideal for a family vacation. Spacious rooms, a large garden, and a relaxing vibe.	2025-07-23T07:01:18.069Z	Paris	book.jpg	book.jpg;institute-book.jpg;dark-tower.jpg;shining.jpg;draft.jpg;house.jpg	false	true	3	hotel	5	3	81723	Air conditioning;Baby seat	user/oleg_sidorov	39	3.356189;23.530908
The Green Mile: Spacious House in Brussels	An affordable room in a well-developed neighborhood. Great for students and solo visitors.	2025-07-30T07:01:18.070Z	Dusseldorf	draft.jpg	book.jpg;institute-book.jpg;dark-tower.jpg;shining.jpg;draft.jpg;house.jpg	false	true	1.3	hotel	7	7	92896	Towels;Washer;Breakfast;Laptop friendly workspace;Air conditioning	user/john_smith	29	19.385456;53.028916
The Green Mile: Spacious House in Brussels	A small but cozy hotel room near the center of Paris. Perfect for business trips or solo travelers.	2025-08-01T07:01:18.070Z	Cologne	house.jpg	book.jpg;institute-book.jpg;dark-tower.jpg;shining.jpg;draft.jpg;house.jpg	true	true	2.6	house	3	4	55422	Washer;Air conditioning;Towels;Laptop friendly workspace;Fridge	user/ivan_ivanov	23	34.88712;27.826678
The Draft: Student Room in Dusseldorf	A large house in a peaceful area near a park. Lots of light and a fairy-tale feel inside.	2025-07-06T07:01:18.071Z	Paris	shining.jpg	book.jpg;institute-book.jpg;dark-tower.jpg;shining.jpg;draft.jpg;house.jpg	false	false	1.5	hotel	5	5	38982	Washer;Towels;Air conditioning	user/roland_deschain	9	53.268732;42.937658
The Dark Tower: Cozy Apartment in Amsterdam	A modern house ideal for a family vacation. Spacious rooms, a large garden, and a relaxing vibe.	2025-07-21T07:01:18.071Z	Dusseldorf	shining.jpg	book.jpg;institute-book.jpg;dark-tower.jpg;shining.jpg;draft.jpg;house.jpg	false	true	4.8	house	4	1	13731	Laptop friendly workspace;Washer;Fridge	user/pierre_bezukhov	20	64.077504;44.750358
Cujo: Hotel Room in Paris	An affordable room in a well-developed neighborhood. Great for students and solo visitors.	2025-07-16T07:01:18.072Z	Paris	dark-tower.jpg	book.jpg;institute-book.jpg;dark-tower.jpg;shining.jpg;draft.jpg;house.jpg	false	false	4.9	room	6	6	71778	Washer;Breakfast;Laptop friendly workspace;Baby seat	user/oleg_sidorov	41	21.566574;8.816914
The Draft: Student Room in Dusseldorf	A charming flat overlooking the Elbe. Vintage furniture and close to historical attractions.	2025-07-04T07:01:18.072Z	Hamburg	draft.jpg	book.jpg;institute-book.jpg;dark-tower.jpg;shining.jpg;draft.jpg;house.jpg	false	true	3.1	room	5	3	86359	Laptop friendly workspace	user/john_smith	45	1.620132;82.802764
Cujo: Hotel Room in Paris	A small but cozy hotel room near the center of Paris. Perfect for business trips or solo travelers.	2025-07-11T07:01:18.073Z	Amsterdam	house.jpg	book.jpg;institute-book.jpg;dark-tower.jpg;shining.jpg;draft.jpg;house.jpg	false	true	3.8	hotel	3	3	42646	Fridge;Air conditioning;Washer;Baby seat	user/oleg_sidorov	45	69.731968;15.672984
The Institute: Family House in Cologne	A small room with a canal view in the city center. Great value and essential comfort.	2025-08-01T07:01:18.074Z	Hamburg	book.jpg	book.jpg;institute-book.jpg;dark-tower.jpg;shining.jpg;draft.jpg;house.jpg	true	false	2.3	hotel	3	4	57512	Laptop friendly workspace;Breakfast;Towels;Fridge;Baby seat	user/oleg_sidorov	34	70.73672;7.391819
Night Watch: Budget Room in Amsterdam	A small but cozy hotel room near the center of Paris. Perfect for business trips or solo travelers.	2025-07-15T07:01:18.074Z	Paris	draft.jpg	book.jpg;institute-book.jpg;dark-tower.jpg;shining.jpg;draft.jpg;house.jpg	true	true	4.7	house	5	7	9236	Washer;Laptop friendly workspace;Baby seat;Fridge	user/oleg_sidorov	4	20.484916;85.812115
The Dark Tower: Cozy Apartment in Amsterdam	An affordable room in a well-developed neighborhood. Great for students and solo visitors.	2025-07-25T07:01:18.075Z	Paris	house.jpg	book.jpg;institute-book.jpg;dark-tower.jpg;shining.jpg;draft.jpg;house.jpg	false	true	3.1	hotel	7	4	61540	Towels	user/pierre_bezukhov	29	78.528393;71.932624
The Dark Tower: Cozy Apartment in Amsterdam	A modern house ideal for a family vacation. Spacious rooms, a large garden, and a relaxing vibe.	2025-07-14T07:01:18.076Z	Cologne	shining.jpg	book.jpg;institute-book.jpg;dark-tower.jpg;shining.jpg;draft.jpg;house.jpg	false	true	3.8	hotel	6	9	11605	Fridge;Laptop friendly workspace	user/ivan_ivanov	26	22.230329;39.403891
The Institute: Family House in Cologne	A large house in a peaceful area near a park. Lots of light and a fairy-tale feel inside.	2025-07-09T07:01:18.076Z	Cologne	dark-tower.jpg	book.jpg;institute-book.jpg;dark-tower.jpg;shining.jpg;draft.jpg;house.jpg	false	false	4.5	hotel	2	6	31588	Washer;Baby seat;Towels;Air conditioning;Laptop friendly workspace;Breakfast	user/ivan_ivanov	22	9.774937;15.346487
The Draft: Student Room in Dusseldorf	A small but cozy hotel room near the center of Paris. Perfect for business trips or solo travelers.	2025-07-26T07:01:18.077Z	Dusseldorf	book.jpg	book.jpg;institute-book.jpg;dark-tower.jpg;shining.jpg;draft.jpg;house.jpg	true	false	2.8	house	5	10	19052	Towels	user/anton_gorodetsky	12	67.392058;34.738114
The Draft: Student Room in Dusseldorf	An affordable room in a well-developed neighborhood. Great for students and solo visitors.	2025-07-29T07:01:18.077Z	Cologne	draft.jpg	book.jpg;institute-book.jpg;dark-tower.jpg;shining.jpg;draft.jpg;house.jpg	true	true	2.6	hotel	2	7	14243	Washer;Towels;Breakfast;Air conditioning	user/oleg_sidorov	19	64.339374;53.97431
The Institute: Family House in Cologne	A small but cozy hotel room near the center of Paris. Perfect for business trips or solo travelers.	2025-07-06T07:01:18.078Z	Paris	draft.jpg	book.jpg;institute-book.jpg;dark-tower.jpg;shining.jpg;draft.jpg;house.jpg	true	true	4.2	apartment	6	9	59092	Laptop friendly workspace;Washer;Baby seat;Breakfast	user/holly_gibney	2	53.065817;88.759836
The Draft: Student Room in Dusseldorf	An affordable room in a well-developed neighborhood. Great for students and solo visitors.	2025-07-22T07:01:18.078Z	Dusseldorf	institute-book.jpg	book.jpg;institute-book.jpg;dark-tower.jpg;shining.jpg;draft.jpg;house.jpg	false	false	3.8	hotel	3	8	33222	Air conditioning;Laptop friendly workspace;Breakfast	user/anton_gorodetsky	10	86.942231;12.230968
The Green Mile: Spacious House in Brussels	A small but cozy hotel room near the center of Paris. Perfect for business trips or solo travelers.	2025-07-05T07:01:18.079Z	Dusseldorf	shining.jpg	book.jpg;institute-book.jpg;dark-tower.jpg;shining.jpg;draft.jpg;house.jpg	true	true	2.8	hotel	5	5	49573	Air conditioning	user/john_smith	27	82.478233;71.044729
Cujo: Hotel Room in Paris	A large house in a peaceful area near a park. Lots of light and a fairy-tale feel inside.	2025-07-17T07:01:18.080Z	Hamburg	institute-book.jpg	book.jpg;institute-book.jpg;dark-tower.jpg;shining.jpg;draft.jpg;house.jpg	false	true	1	hotel	7	2	4668	Baby seat;Breakfast;Laptop friendly workspace;Towels;Washer;Fridge	user/anton_gorodetsky	38	19.742951;41.68943
Salem's Lot: Riverside Flat in Hamburg	A small but cozy hotel room near the center of Paris. Perfect for business trips or solo travelers.	2025-07-08T07:01:18.080Z	Amsterdam	institute-book.jpg	book.jpg;institute-book.jpg;dark-tower.jpg;shining.jpg;draft.jpg;house.jpg	false	false	3.8	apartment	7	7	11883	Baby seat;Air conditioning;Fridge;Breakfast;Laptop friendly workspace;Washer	user/pierre_bezukhov	6	83.086413;61.605281
The Institute: Family House in Cologne	A large house in a peaceful area near a park. Lots of light and a fairy-tale feel inside.	2025-07-09T07:01:18.081Z	Amsterdam	coffee.jpg	book.jpg;institute-book.jpg;dark-tower.jpg;shining.jpg;draft.jpg;house.jpg	true	true	3.6	apartment	5	2	65725	Laptop friendly workspace;Washer	user/oleg_sidorov	43	32.558544;13.360423
Night Watch: Budget Room in Amsterdam	A small room with a canal view in the city center. Great value and essential comfort.	2025-07-04T07:01:18.081Z	Hamburg	house.jpg	book.jpg;institute-book.jpg;dark-tower.jpg;shining.jpg;draft.jpg;house.jpg	false	false	2.7	apartment	5	4	22594	Washer;Air conditioning;Breakfast;Towels;Laptop friendly workspace;Baby seat	user/john_smith	22	68.929664;61.069662
The Green Mile: Spacious House in Brussels	An affordable room in a well-developed neighborhood. Great for students and solo visitors.	2025-08-01T07:01:18.082Z	Dusseldorf	draft.jpg	book.jpg;institute-book.jpg;dark-tower.jpg;shining.jpg;draft.jpg;house.jpg	true	true	1.1	apartment	4	6	33211	Laptop friendly workspace;Air conditioning;Baby seat;Washer	user/john_smith	10	5.69596;48.678324
Night Watch: Budget Room in Amsterdam	A large house in a peaceful area near a park. Lots of light and a fairy-tale feel inside.	2025-07-21T07:01:18.083Z	Amsterdam	book.jpg	book.jpg;institute-book.jpg;dark-tower.jpg;shining.jpg;draft.jpg;house.jpg	false	true	1	hotel	4	3	55671	Towels;Fridge;Baby seat;Washer;Breakfast;Laptop friendly workspace	user/holly_gibney	30	43.9734;58.278654
Salem's Lot: Riverside Flat in Hamburg	A charming flat overlooking the Elbe. Vintage furniture and close to historical attractions.	2025-07-22T07:01:18.083Z	Brussels	house.jpg	book.jpg;institute-book.jpg;dark-tower.jpg;shining.jpg;draft.jpg;house.jpg	true	true	1.4	apartment	3	3	74472	Washer;Baby seat;Towels;Air conditioning	user/ivan_ivanov	22	26.318279;21.543826
The Institute: Family House in Cologne	A cozy apartment in the heart of Amsterdam, decorated in a fantasy style. A perfect choice for a quiet and atmospheric stay.	2025-07-24T07:01:18.084Z	Brussels	coffee.jpg	book.jpg;institute-book.jpg;dark-tower.jpg;shining.jpg;draft.jpg;house.jpg	false	false	4.3	house	5	4	19304	Baby seat;Washer;Air conditioning;Fridge;Laptop friendly workspace	user/john_smith	11	86.505566;67.744092
Salem's Lot: Riverside Flat in Hamburg	A modern house ideal for a family vacation. Spacious rooms, a large garden, and a relaxing vibe.	2025-07-31T07:01:18.084Z	Dusseldorf	institute-book.jpg	book.jpg;institute-book.jpg;dark-tower.jpg;shining.jpg;draft.jpg;house.jpg	true	false	1.8	house	8	3	74172	Towels;Baby seat	user/pierre_bezukhov	10	47.680817;9.906017
The Dark Tower: Cozy Apartment in Amsterdam	A small but cozy hotel room near the center of Paris. Perfect for business trips or solo travelers.	2025-07-09T07:01:18.085Z	Dusseldorf	shining.jpg	book.jpg;institute-book.jpg;dark-tower.jpg;shining.jpg;draft.jpg;house.jpg	true	false	2.7	room	7	8	36391	Fridge;Baby seat;Air conditioning;Breakfast;Towels;Washer;Laptop friendly workspace	user/john_smith	33	31.744653;42.19699
The Green Mile: Spacious House in Brussels	A small but cozy hotel room near the center of Paris. Perfect for business trips or solo travelers.	2025-07-09T07:01:18.085Z	Paris	draft.jpg	book.jpg;institute-book.jpg;dark-tower.jpg;shining.jpg;draft.jpg;house.jpg	false	false	4.1	house	6	3	20128	Breakfast;Towels;Laptop friendly workspace;Air conditioning;Washer	user/ivan_ivanov	34	71.312043;42.216362
Salem's Lot: Riverside Flat in Hamburg	An affordable room in a well-developed neighborhood. Great for students and solo visitors.	2025-07-11T07:01:18.086Z	Dusseldorf	book.jpg	book.jpg;institute-book.jpg;dark-tower.jpg;shining.jpg;draft.jpg;house.jpg	true	false	1.3	house	4	8	18832	Air conditioning;Baby seat;Washer;Towels	user/ivan_ivanov	28	23.778283;6.624701
The Draft: Student Room in Dusseldorf	A large house in a peaceful area near a park. Lots of light and a fairy-tale feel inside.	2025-07-17T07:01:18.086Z	Paris	dark-tower.jpg	book.jpg;institute-book.jpg;dark-tower.jpg;shining.jpg;draft.jpg;house.jpg	false	false	2.4	house	8	3	48675	Air conditioning;Fridge;Laptop friendly workspace;Washer;Baby seat	user/oleg_sidorov	39	54.350845;16.818164
The Dark Tower: Cozy Apartment in Amsterdam	A cozy apartment in the heart of Amsterdam, decorated in a fantasy style. A perfect choice for a quiet and atmospheric stay.	2025-07-24T07:01:18.087Z	Cologne	coffee.jpg	book.jpg;institute-book.jpg;dark-tower.jpg;shining.jpg;draft.jpg;house.jpg	false	false	1.1	room	7	2	74104	Breakfast;Washer	user/anton_gorodetsky	27	40.209934;47.176425
The Draft: Student Room in Dusseldorf	A small room with a canal view in the city center. Great value and essential comfort.	2025-07-28T07:01:18.087Z	Amsterdam	house.jpg	book.jpg;institute-book.jpg;dark-tower.jpg;shining.jpg;draft.jpg;house.jpg	false	true	3	apartment	7	3	71593	Laptop friendly workspace;Washer;Air conditioning;Baby seat;Towels;Fridge;Breakfast	user/john_smith	47	13.028768;69.037529
Cujo: Hotel Room in Paris	An affordable room in a well-developed neighborhood. Great for students and solo visitors.	2025-07-27T07:01:18.088Z	Cologne	shining.jpg	book.jpg;institute-book.jpg;dark-tower.jpg;shining.jpg;draft.jpg;house.jpg	true	true	2.3	hotel	1	9	1783	Towels;Baby seat;Air conditioning	user/holly_gibney	40	64.863521;31.259657
The Institute: Family House in Cologne	A small room with a canal view in the city center. Great value and essential comfort.	2025-07-21T07:01:18.088Z	Hamburg	draft.jpg	book.jpg;institute-book.jpg;dark-tower.jpg;shining.jpg;draft.jpg;house.jpg	true	false	4.1	hotel	6	9	16465	Baby seat;Washer;Towels;Air conditioning	user/roland_deschain	20	64.42638;89.738884
The Institute: Family House in Cologne	A charming flat overlooking the Elbe. Vintage furniture and close to historical attractions.	2025-07-21T07:01:18.089Z	Paris	institute-book.jpg	book.jpg;institute-book.jpg;dark-tower.jpg;shining.jpg;draft.jpg;house.jpg	true	false	2.8	house	3	8	731	Baby seat	user/oleg_sidorov	29	12.351735;40.471721
The Institute: Family House in Cologne	A modern house ideal for a family vacation. Spacious rooms, a large garden, and a relaxing vibe.	2025-08-01T07:01:18.089Z	Amsterdam	shining.jpg	book.jpg;institute-book.jpg;dark-tower.jpg;shining.jpg;draft.jpg;house.jpg	false	true	1.4	hotel	6	5	25279	Towels;Breakfast;Laptop friendly workspace;Washer;Baby seat;Air conditioning	user/holly_gibney	34	29.664425;45.015433
The Green Mile: Spacious House in Brussels	A cozy apartment in the heart of Amsterdam, decorated in a fantasy style. A perfect choice for a quiet and atmospheric stay.	2025-07-14T07:01:18.090Z	Hamburg	house.jpg	book.jpg;institute-book.jpg;dark-tower.jpg;shining.jpg;draft.jpg;house.jpg	true	false	3.2	house	7	7	90526	Washer;Laptop friendly workspace;Baby seat;Towels;Breakfast;Air conditioning	user/anton_gorodetsky	50	31.086607;32.236333
Cujo: Hotel Room in Paris	A small room with a canal view in the city center. Great value and essential comfort.	2025-07-07T07:01:18.090Z	Paris	book.jpg	book.jpg;institute-book.jpg;dark-tower.jpg;shining.jpg;draft.jpg;house.jpg	false	false	1.2	room	3	9	26584	Baby seat;Washer	user/holly_gibney	28	20.889886;60.615478
Cujo: Hotel Room in Paris	An affordable room in a well-developed neighborhood. Great for students and solo visitors.	2025-07-13T07:01:18.091Z	Hamburg	draft.jpg	book.jpg;institute-book.jpg;dark-tower.jpg;shining.jpg;draft.jpg;house.jpg	false	true	2.6	room	4	10	47837	Washer;Laptop friendly workspace;Air conditioning;Towels	user/roland_deschain	48	31.570595;65.618249
The Green Mile: Spacious House in Brussels	An affordable room in a well-developed neighborhood. Great for students and solo visitors.	2025-07-23T07:01:18.091Z	Dusseldorf	house.jpg	book.jpg;institute-book.jpg;dark-tower.jpg;shining.jpg;draft.jpg;house.jpg	true	false	1.1	house	1	4	35431	Washer;Towels;Laptop friendly workspace;Air conditioning	user/anton_gorodetsky	25	20.765332;23.899684
The Green Mile: Spacious House in Brussels	A charming flat overlooking the Elbe. Vintage furniture and close to historical attractions.	2025-07-10T07:01:18.092Z	Dusseldorf	draft.jpg	book.jpg;institute-book.jpg;dark-tower.jpg;shining.jpg;draft.jpg;house.jpg	true	true	1	room	3	9	11220	Towels	user/john_smith	21	21.593194;68.114543
Cujo: Hotel Room in Paris	A large house in a peaceful area near a park. Lots of light and a fairy-tale feel inside.	2025-07-09T07:01:18.092Z	Paris	book.jpg	book.jpg;institute-book.jpg;dark-tower.jpg;shining.jpg;draft.jpg;house.jpg	false	true	4.3	apartment	2	3	43373	Baby seat;Laptop friendly workspace;Air conditioning	user/ivan_ivanov	40	2.80945;65.675008
The Institute: Family House in Cologne	An affordable room in a well-developed neighborhood. Great for students and solo visitors.	2025-07-04T07:01:18.093Z	Paris	draft.jpg	book.jpg;institute-book.jpg;dark-tower.jpg;shining.jpg;draft.jpg;house.jpg	false	false	4.7	house	1	7	66239	Towels;Laptop friendly workspace;Fridge;Air conditioning;Baby seat;Washer	user/holly_gibney	16	22.791857;47.774612
The Draft: Student Room in Dusseldorf	A small but cozy hotel room near the center of Paris. Perfect for business trips or solo travelers.	2025-07-23T07:01:18.093Z	Dusseldorf	dark-tower.jpg	book.jpg;institute-book.jpg;dark-tower.jpg;shining.jpg;draft.jpg;house.jpg	true	true	1.4	hotel	7	10	77754	Laptop friendly workspace;Baby seat;Breakfast;Towels	user/pierre_bezukhov	1	33.006338;26.464402
The Green Mile: Spacious House in Brussels	A large house in a peaceful area near a park. Lots of light and a fairy-tale feel inside.	2025-07-15T07:01:18.094Z	Hamburg	shining.jpg	book.jpg;institute-book.jpg;dark-tower.jpg;shining.jpg;draft.jpg;house.jpg	true	true	2.7	house	6	9	81208	Laptop friendly workspace;Baby seat;Fridge;Towels;Breakfast;Washer;Air conditioning	user/pierre_bezukhov	17	7.949324;66.537226
Salem's Lot: Riverside Flat in Hamburg	A modern house ideal for a family vacation. Spacious rooms, a large garden, and a relaxing vibe.	2025-07-19T07:01:18.094Z	Paris	draft.jpg	book.jpg;institute-book.jpg;dark-tower.jpg;shining.jpg;draft.jpg;house.jpg	true	true	3.5	room	4	9	11912	Washer;Baby seat;Breakfast	user/oleg_sidorov	38	45.748647;53.142906
Cujo: Hotel Room in Paris	A charming flat overlooking the Elbe. Vintage furniture and close to historical attractions.	2025-07-29T07:01:18.094Z	Cologne	coffee.jpg	book.jpg;institute-book.jpg;dark-tower.jpg;shining.jpg;draft.jpg;house.jpg	true	false	2.4	house	6	1	3110	Laptop friendly workspace;Air conditioning;Baby seat;Breakfast	user/ivan_ivanov	37	83.435702;80.302492
Salem's Lot: Riverside Flat in Hamburg	A charming flat overlooking the Elbe. Vintage furniture and close to historical attractions.	2025-07-14T07:01:18.095Z	Brussels	draft.jpg	book.jpg;institute-book.jpg;dark-tower.jpg;shining.jpg;draft.jpg;house.jpg	false	false	1.5	room	1	8	11015	Washer;Baby seat;Towels	user/holly_gibney	49	67.057536;76.641737
The Dark Tower: Cozy Apartment in Amsterdam	An affordable room in a well-developed neighborhood. Great for students and solo visitors.	2025-07-12T07:01:18.095Z	Dusseldorf	house.jpg	book.jpg;institute-book.jpg;dark-tower.jpg;shining.jpg;draft.jpg;house.jpg	true	false	4	room	3	6	38649	Air conditioning;Baby seat	user/ivan_ivanov	17	16.262364;82.253207
The Green Mile: Spacious House in Brussels	A small room with a canal view in the city center. Great value and essential comfort.	2025-07-30T07:01:18.096Z	Brussels	house.jpg	book.jpg;institute-book.jpg;dark-tower.jpg;shining.jpg;draft.jpg;house.jpg	true	false	3.2	house	2	4	35541	Towels;Baby seat;Breakfast;Air conditioning;Laptop friendly workspace;Washer;Fridge	user/oleg_sidorov	10	65.224865;49.086839
Cujo: Hotel Room in Paris	A small but cozy hotel room near the center of Paris. Perfect for business trips or solo travelers.	2025-07-31T07:01:18.097Z	Cologne	shining.jpg	book.jpg;institute-book.jpg;dark-tower.jpg;shining.jpg;draft.jpg;house.jpg	true	true	3.2	house	2	1	99386	Towels;Laptop friendly workspace	user/ivan_ivanov	47	10.116762;11.934777
Cujo: Hotel Room in Paris	A large house in a peaceful area near a park. Lots of light and a fairy-tale feel inside.	2025-07-24T07:01:18.097Z	Amsterdam	coffee.jpg	book.jpg;institute-book.jpg;dark-tower.jpg;shining.jpg;draft.jpg;house.jpg	false	false	5	house	4	8	93304	Towels	user/oleg_sidorov	50	2.541525;62.831608
Salem's Lot: Riverside Flat in Hamburg	An affordable room in a well-developed neighborhood. Great for students and solo visitors.	2025-07-28T07:01:18.098Z	Amsterdam	draft.jpg	book.jpg;institute-book.jpg;dark-tower.jpg;shining.jpg;draft.jpg;house.jpg	true	true	1.8	apartment	4	7	85720	Air conditioning;Washer;Baby seat	user/roland_deschain	15	10.370325;19.874615
Cujo: Hotel Room in Paris	A modern house ideal for a family vacation. Spacious rooms, a large garden, and a relaxing vibe.	2025-07-21T07:01:18.098Z	Paris	book.jpg	book.jpg;institute-book.jpg;dark-tower.jpg;shining.jpg;draft.jpg;house.jpg	false	true	3.3	hotel	6	10	96185	Towels	user/ivan_ivanov	16	71.17159;4.564407
Night Watch: Budget Room in Amsterdam	An affordable room in a well-developed neighborhood. Great for students and solo visitors.	2025-07-27T07:01:18.099Z	Cologne	book.jpg	book.jpg;institute-book.jpg;dark-tower.jpg;shining.jpg;draft.jpg;house.jpg	false	false	3.6	apartment	5	2	1784	Air conditioning;Washer;Laptop friendly workspace;Baby seat;Fridge	user/ivan_ivanov	21	47.094329;65.379438
The Institute: Family House in Cologne	A small but cozy hotel room near the center of Paris. Perfect for business trips or solo travelers.	2025-07-16T07:01:18.100Z	Hamburg	book.jpg	book.jpg;institute-book.jpg;dark-tower.jpg;shining.jpg;draft.jpg;house.jpg	true	true	1.4	house	3	9	56737	Baby seat;Washer;Laptop friendly workspace;Breakfast	user/holly_gibney	45	44.133193;65.253651
Night Watch: Budget Room in Amsterdam	A large house in a peaceful area near a park. Lots of light and a fairy-tale feel inside.	2025-07-16T07:01:18.100Z	Brussels	draft.jpg	book.jpg;institute-book.jpg;dark-tower.jpg;shining.jpg;draft.jpg;house.jpg	true	false	1.1	house	3	4	39813	Air conditioning;Laptop friendly workspace;Fridge	user/john_smith	41	1.485408;43.618466
The Dark Tower: Cozy Apartment in Amsterdam	A modern house ideal for a family vacation. Spacious rooms, a large garden, and a relaxing vibe.	2025-07-06T07:01:18.101Z	Paris	book.jpg	book.jpg;institute-book.jpg;dark-tower.jpg;shining.jpg;draft.jpg;house.jpg	true	false	3.7	hotel	3	6	70021	Washer;Laptop friendly workspace;Baby seat;Towels	user/ivan_ivanov	24	36.391024;5.488605
The Green Mile: Spacious House in Brussels	A cozy apartment in the heart of Amsterdam, decorated in a fantasy style. A perfect choice for a quiet and atmospheric stay.	2025-07-28T07:01:18.101Z	Hamburg	institute-book.jpg	book.jpg;institute-book.jpg;dark-tower.jpg;shining.jpg;draft.jpg;house.jpg	false	true	2.8	house	6	8	77390	Washer;Towels;Breakfast	user/oleg_sidorov	8	0.422316;77.424098
Night Watch: Budget Room in Amsterdam	A modern house ideal for a family vacation. Spacious rooms, a large garden, and a relaxing vibe.	2025-07-28T07:01:18.102Z	Hamburg	book.jpg	book.jpg;institute-book.jpg;dark-tower.jpg;shining.jpg;draft.jpg;house.jpg	true	false	3.7	hotel	7	5	87505	Laptop friendly workspace;Washer;Towels;Baby seat	user/holly_gibney	11	34.985098;46.361059
The Draft: Student Room in Dusseldorf	A large house in a peaceful area near a park. Lots of light and a fairy-tale feel inside.	2025-07-18T07:01:18.102Z	Brussels	coffee.jpg	book.jpg;institute-book.jpg;dark-tower.jpg;shining.jpg;draft.jpg;house.jpg	true	true	3.7	hotel	5	3	2990	Air conditioning;Laptop friendly workspace	user/john_smith	46	72.490336;72.58006
The Institute: Family House in Cologne	A modern house ideal for a family vacation. Spacious rooms, a large garden, and a relaxing vibe.	2025-07-04T07:01:18.103Z	Hamburg	draft.jpg	book.jpg;institute-book.jpg;dark-tower.jpg;shining.jpg;draft.jpg;house.jpg	true	false	4.9	hotel	2	6	51847	Fridge	user/john_smith	28	26.683324;43.340568
Cujo: Hotel Room in Paris	A modern house ideal for a family vacation. Spacious rooms, a large garden, and a relaxing vibe.	2025-07-21T07:01:18.104Z	Hamburg	book.jpg	book.jpg;institute-book.jpg;dark-tower.jpg;shining.jpg;draft.jpg;house.jpg	true	true	1.3	house	8	5	79389	Air conditioning;Fridge;Laptop friendly workspace;Washer	user/roland_deschain	1	32.636629;26.829966
Salem's Lot: Riverside Flat in Hamburg	A small room with a canal view in the city center. Great value and essential comfort.	2025-07-28T07:01:18.104Z	Paris	shining.jpg	book.jpg;institute-book.jpg;dark-tower.jpg;shining.jpg;draft.jpg;house.jpg	true	true	4.2	house	6	3	92806	Laptop friendly workspace;Fridge;Baby seat;Breakfast	user/anton_gorodetsky	9	17.412123;69.910102
Cujo: Hotel Room in Paris	A small room with a canal view in the city center. Great value and essential comfort.	2025-07-06T07:01:18.105Z	Hamburg	draft.jpg	book.jpg;institute-book.jpg;dark-tower.jpg;shining.jpg;draft.jpg;house.jpg	true	false	1.8	apartment	2	8	66880	Baby seat;Washer;Laptop friendly workspace;Air conditioning;Fridge;Towels	user/holly_gibney	0	63.882156;44.023244
Cujo: Hotel Room in Paris	A cozy apartment in the heart of Amsterdam, decorated in a fantasy style. A perfect choice for a quiet and atmospheric stay.	2025-07-04T07:01:18.105Z	Cologne	draft.jpg	book.jpg;institute-book.jpg;dark-tower.jpg;shining.jpg;draft.jpg;house.jpg	false	true	1	hotel	7	5	92131	Fridge;Breakfast;Air conditioning;Baby seat;Washer;Towels;Laptop friendly workspace	user/oleg_sidorov	6	76.262695;73.06493
Cujo: Hotel Room in Paris	A cozy apartment in the heart of Amsterdam, decorated in a fantasy style. A perfect choice for a quiet and atmospheric stay.	2025-07-22T07:01:18.106Z	Cologne	institute-book.jpg	book.jpg;institute-book.jpg;dark-tower.jpg;shining.jpg;draft.jpg;house.jpg	false	true	4.2	apartment	7	2	70244	Air conditioning;Fridge;Washer	user/oleg_sidorov	20	22.194377;9.645741
Cujo: Hotel Room in Paris	A large house in a peaceful area near a park. Lots of light and a fairy-tale feel inside.	2025-07-17T07:01:18.106Z	Cologne	dark-tower.jpg	book.jpg;institute-book.jpg;dark-tower.jpg;shining.jpg;draft.jpg;house.jpg	true	false	3.8	house	5	4	3247	Washer	user/pierre_bezukhov	9	70.558856;78.032479
The Dark Tower: Cozy Apartment in Amsterdam	A charming flat overlooking the Elbe. Vintage furniture and close to historical attractions.	2025-07-26T07:01:18.107Z	Amsterdam	house.jpg	book.jpg;institute-book.jpg;dark-tower.jpg;shining.jpg;draft.jpg;house.jpg	false	false	4.1	hotel	4	9	38838	Baby seat;Washer;Towels;Fridge;Breakfast	user/anton_gorodetsky	11	75.138583;56.077228
The Green Mile: Spacious House in Brussels	A modern house ideal for a family vacation. Spacious rooms, a large garden, and a relaxing vibe.	2025-07-28T07:01:18.107Z	Dusseldorf	institute-book.jpg	book.jpg;institute-book.jpg;dark-tower.jpg;shining.jpg;draft.jpg;house.jpg	true	false	4.6	house	2	1	20661	Towels;Baby seat;Laptop friendly workspace;Air conditioning;Washer;Breakfast	user/pierre_bezukhov	17	52.764708;54.634273
Salem's Lot: Riverside Flat in Hamburg	A modern house ideal for a family vacation. Spacious rooms, a large garden, and a relaxing vibe.	2025-07-24T07:01:18.108Z	Paris	dark-tower.jpg	book.jpg;institute-book.jpg;dark-tower.jpg;shining.jpg;draft.jpg;house.jpg	false	true	1.6	apartment	6	5	48002	Washer;Baby seat	user/oleg_sidorov	20	9.480931;32.191037
The Draft: Student Room in Dusseldorf	A charming flat overlooking the Elbe. Vintage furniture and close to historical attractions.	2025-07-18T07:01:18.108Z	Dusseldorf	institute-book.jpg	book.jpg;institute-book.jpg;dark-tower.jpg;shining.jpg;draft.jpg;house.jpg	false	false	2.3	hotel	7	3	37078	Towels;Washer;Baby seat	user/john_smith	46	3.488162;44.578911
The Green Mile: Spacious House in Brussels	An affordable room in a well-developed neighborhood. Great for students and solo visitors.	2025-07-06T07:01:18.108Z	Paris	dark-tower.jpg	book.jpg;institute-book.jpg;dark-tower.jpg;shining.jpg;draft.jpg;house.jpg	false	false	2.1	apartment	8	6	62997	Fridge;Baby seat;Laptop friendly workspace;Air conditioning	user/oleg_sidorov	26	3.169021;12.550203
The Dark Tower: Cozy Apartment in Amsterdam	A large house in a peaceful area near a park. Lots of light and a fairy-tale feel inside.	2025-07-15T07:01:18.109Z	Cologne	draft.jpg	book.jpg;institute-book.jpg;dark-tower.jpg;shining.jpg;draft.jpg;house.jpg	true	false	1.8	hotel	1	9	88688	Air conditioning;Breakfast;Towels;Washer;Baby seat;Laptop friendly workspace	user/john_smith	44	24.175034;7.971436
The Institute: Family House in Cologne	A large house in a peaceful area near a park. Lots of light and a fairy-tale feel inside.	2025-07-26T07:01:18.109Z	Hamburg	shining.jpg	book.jpg;institute-book.jpg;dark-tower.jpg;shining.jpg;draft.jpg;house.jpg	true	false	2.9	apartment	2	8	50349	Fridge;Laptop friendly workspace	user/roland_deschain	25	82.794829;35.495561
Salem's Lot: Riverside Flat in Hamburg	An affordable room in a well-developed neighborhood. Great for students and solo visitors.	2025-07-11T07:01:18.110Z	Hamburg	coffee.jpg	book.jpg;institute-book.jpg;dark-tower.jpg;shining.jpg;draft.jpg;house.jpg	true	false	1.2	house	6	7	42269	Towels	user/john_smith	48	39.131717;52.399647
The Draft: Student Room in Dusseldorf	A large house in a peaceful area near a park. Lots of light and a fairy-tale feel inside.	2025-07-16T07:01:18.110Z	Paris	draft.jpg	book.jpg;institute-book.jpg;dark-tower.jpg;shining.jpg;draft.jpg;house.jpg	false	true	1.2	hotel	4	5	59908	Baby seat;Washer;Fridge	user/holly_gibney	18	25.567762;28.879165
The Institute: Family House in Cologne	A modern house ideal for a family vacation. Spacious rooms, a large garden, and a relaxing vibe.	2025-07-12T07:01:18.111Z	Hamburg	coffee.jpg	book.jpg;institute-book.jpg;dark-tower.jpg;shining.jpg;draft.jpg;house.jpg	true	false	2.3	house	6	2	82383	Air conditioning	user/holly_gibney	34	37.326854;18.575144
The Institute: Family House in Cologne	An affordable room in a well-developed neighborhood. Great for students and solo visitors.	2025-07-10T07:01:18.111Z	Amsterdam	shining.jpg	book.jpg;institute-book.jpg;dark-tower.jpg;shining.jpg;draft.jpg;house.jpg	false	true	3.1	apartment	4	8	59588	Laptop friendly workspace;Air conditioning;Baby seat;Washer	user/holly_gibney	24	9.356922;69.294963
